tick_id,date,site,life_stage,bb_result
5,2016-05-23,Chipman,male,1
3,2016-05-23,Chipman,nymph,0
4,2016-05-23,Chipman,nymph,0
8,2016-05-23,Chipman,nymph,0
6,2016-05-23,Chipman,adult,1
7,2016-05-23,Chipman,nymph,1
1,2016-05-23,Foote,nymph,1
2,2016-05-23,Foote,male,0
9,2016-05-24,Gilmore,nymph,0
14,2016-05-26,Frost,nymph,0
10,2016-05-26,Gorge,nymph,0
11,2016-05-26,Gorge,male,0
12,2016-05-26,Gorge,nymph,0
13,2016-05-26,Gorge,nymph,0
44,2016-05-31,Foote,nymph,1
16,2016-05-31,Foote,nymph,0
17,2016-05-31,Foote,nymph,0
18,2016-05-31,Foote,nymph,0
19,2016-05-31,Foote,nymph,0
21,2016-05-31,Foote,nymph,0
24,2016-05-31,Foote,nymph,0
25,2016-05-31,Foote,nymph,0
29,2016-05-31,Foote,nymph,0
31,2016-05-31,Foote,nymph,0
32,2016-05-31,Foote,nymph,0
35,2016-05-31,Foote,nymph,0
36,2016-05-31,Foote,nymph,0
38,2016-05-31,Foote,nymph,0
41,2016-05-31,Foote,nymph,0
33,2016-05-31,Foote,nymph,1
34,2016-05-31,Foote,nymph,1
37,2016-05-31,Foote,nymph,1
39,2016-05-31,Foote,nymph,1
123,2016-06-01,Frost,nymph,0
47,2016-06-01,Gorge,nymph,0
48,2016-06-01,Gorge,nymph,0
121,2016-06-01,Gorge,nymph,0
122,2016-06-01,Gorge,nymph,0
124,2016-06-02,Gilmore,nymph,0
125,2016-06-02,Gilmore,nymph,0
128,2016-06-02,Gilmore,nymph,0
153,2016-06-03,BRF,female,0
142,2016-06-03,Chipman,nymph,1
145,2016-06-03,Chipman,nymph,1
131,2016-06-03,Chipman,nymph,0
141,2016-06-03,Chipman,nymph,0
143,2016-06-03,Chipman,nymph,0
144,2016-06-03,Chipman,nymph,0
146,2016-06-03,Chipman,female,0
148,2016-06-03,Chipman,nymph,0
149,2016-06-03,Chipman,male,0
150,2016-06-03,Chipman,nymph,0
151,2016-06-03,Chipman,nymph,0
152,2016-06-03,Chipman,nymph,0
129,2016-06-03,Chipman,female,1
130,2016-06-03,Chipman,female,1
147,2016-06-03,Chipman,nymph,1
157,2016-06-06,Crystal,nymph,0
158,2016-06-06,Gilmore,nymph,1
159,2016-06-06,Gilmore,nymph,0
156,2016-06-06,Gilmore,nymph,0
154,2016-06-06,Gorge,nymph,0
155,2016-06-06,Gorge,nymph,1
175,2016-06-07,Crystal,nymph,1
165,2016-06-07,Crystal,nymph,0
161,2016-06-08,Chipman,female,1
162,2016-06-08,Chipman,male,0
166,2016-06-08,Chipman,nymph,0
167,2016-06-08,Chipman,nymph,0
204,2016-06-08,Foote,nymph,1
201,2016-06-08,Foote,nymph,0
203,2016-06-08,Foote,nymph,0
207,2016-06-08,Foote,nymph,0
210,2016-06-08,Foote,nymph,0
180,2016-06-08,Foote,nymph,1
169,2016-06-08,Foote,nymph,0
170,2016-06-08,Foote,nymph,0
176,2016-06-08,Foote,nymph,0
177,2016-06-08,Foote,nymph,0
178,2016-06-08,Foote,nymph,0
182,2016-06-08,Foote,nymph,0
185,2016-06-08,Foote,nymph,0
186,2016-06-08,Foote,nymph,0
187,2016-06-08,Foote,nymph,0
188,2016-06-08,Foote,nymph,0
181,2016-06-08,Foote,male,1
212,2016-06-14,UpperChipman,nymph,0
213,2016-06-14,UpperChipman,nymph,0
214,2016-06-14,UpperChipman,female,0
215,2016-06-14,UpperChipman,nymph,0
216,2016-06-14,UpperChipman,nymph,0
217,2016-06-14,UpperChipman,nymph,0
242,2016-06-15,Chipman,nymph,0
244,2016-06-15,Chipman,nymph,0
245,2016-06-15,Chipman,nymph,0
246,2016-06-15,Chipman,nymph,0
247,2016-06-15,Chipman,nymph,0
197,2016-06-15,Chipman,nymph,0
198,2016-06-15,Chipman,nymph,0
243,2016-06-15,Chipman,nymph,1
189,2016-06-15,Foote,nymph,0
190,2016-06-15,Foote,female,0
193,2016-06-15,Foote,nymph,0
195,2016-06-15,Foote,nymph,0
196,2016-06-15,Foote,nymph,0
239,2016-06-15,Foote,nymph,0
194,2016-06-15,Foote,nymph,1
241,2016-06-15,Foote,nymph,1
218,2016-06-15,Foote,nymph,1
223,2016-06-15,Foote,male,0
224,2016-06-15,Foote,nymph,0
227,2016-06-15,Foote,nymph,0
230,2016-06-15,Foote,nymph,0
231,2016-06-15,Foote,nymph,0
234,2016-06-15,Foote,male,0
236,2016-06-15,Foote,nymph,0
235,2016-06-15,Foote,nymph,1
284,2016-06-16,BRF,nymph,0
199,2016-06-16,Gilmore,nymph,0
249,2016-06-17,Frost,nymph,0
248,2016-06-17,Gorge,nymph,0
200,2016-06-17,Gorge,nymph,0
281,2016-06-17,Gorge,nymph,0
282,2016-06-17,Gorge,nymph,0
283,2016-06-17,Gorge,nymph,0
301,2016-06-20,Crystal,nymph,1
251,2016-06-20,SPIN,nymph,0
252,2016-06-21,UpperChipman,nymph,0
265,2016-06-21,Foote,nymph,1
263,2016-06-21,Foote,nymph,0
254,2016-06-21,Foote,nymph,0
255,2016-06-21,Foote,nymph,0
256,2016-06-21,Foote,nymph,0
261,2016-06-21,Foote,nymph,1
262,2016-06-21,Foote,nymph,1
264,2016-06-21,Foote,nymph,1
253,2016-06-21,Foote,nymph,1
303,2016-06-21,Foote,nymph,1
302,2016-06-21,Foote,nymph,0
307,2016-06-21,Foote,nymph,0
309,2016-06-21,Foote,nymph,0
312,2016-06-21,Foote,nymph,0
305,2016-06-21,Foote,nymph,1
260,2016-06-22,Chipman,nymph,1
313,2016-06-22,Chipman,nymph,0
315,2016-06-22,Chipman,nymph,0
317,2016-06-22,Chipman,nymph,0
258,2016-06-22,Chipman,nymph,1
259,2016-06-22,Chipman,nymph,1
268,2016-06-23,BRF,nymph,0
269,2016-06-23,BRF,nymph,0
270,2016-06-23,BRF,nymph,0
321,2016-06-23,BRF,nymph,0
322,2016-06-23,Gorge,nymph,0
323,2016-06-23,Gorge,nymph,0
324,2016-06-23,Gorge,nymph,0
325,2016-06-27,Foote,nymph,0
326,2016-06-27,Foote,nymph,0
328,2016-06-27,Foote,nymph,0
329,2016-06-27,Foote,nymph,0
403,2016-06-27,Foote,nymph,0
271,2016-06-27,Foote,nymph,0
274,2016-06-27,Foote,nymph,0
275,2016-06-27,Foote,nymph,0
277,2016-06-27,Foote,nymph,0
278,2016-06-27,Foote,nymph,0
280,2016-06-27,Foote,nymph,0
401,2016-06-27,Foote,nymph,0
405,2016-06-28,Chipman,male,0
407,2016-06-28,Chipman,nymph,0
336,2016-07-01,Gorge,nymph,0
408,2016-07-01,Gorge,nymph,0
409,2016-07-01,Gorge,nymph,0
410,2016-07-01,Gorge,nymph,0
338,2016-07-05,Gilmore,nymph,0
430,2016-07-07,BRF,nymph,0
340,2016-07-07,Foote,nymph,0
341,2016-07-07,Foote,nymph,0
344,2016-07-07,Foote,nymph,0
345,2016-07-07,Foote,nymph,0
347,2016-07-07,Foote,nymph,0
348,2016-07-07,Foote,nymph,0
339,2016-07-07,Foote,nymph,1
428,2016-07-07,Foote,nymph,1
425,2016-07-07,Foote,nymph,0
426,2016-07-07,Foote,nymph,0
427,2016-07-07,Foote,nymph,0
429,2016-07-07,Foote,nymph,0
432,2016-07-08,Chipman,nymph,0
433,2016-07-08,Chipman,nymph,0
431,2016-07-08,UpperChipman,nymph,0
411,2016-07-08,Gorge,nymph,0
412,2016-07-08,Gorge,nymph,0
360,2016-07-12,Chipman,nymph,1
444,2016-07-12,Chipman,nymph,0
357,2016-07-12,Chipman,nymph,0
359,2016-07-12,Chipman,nymph,0
361,2016-07-12,UpperChipman,nymph,0
439,2016-07-12,Foote,nymph,0
442,2016-07-12,Foote,nymph,0
436,2016-07-12,Foote,nymph,1
438,2016-07-12,Foote,nymph,1
443,2016-07-12,Foote,nymph,1
349,2016-07-12,Foote,nymph,0
351,2016-07-12,Foote,nymph,0
352,2016-07-12,Foote,nymph,0
356,2016-07-12,Foote,nymph,0
355,2016-07-12,Foote,nymph,1
449,2016-07-13,Gorge,nymph,1
362,2016-07-13,Gorge,nymph,1
447,2016-07-13,Gorge,nymph,1
450,2016-07-13,Gorge,nymph,1
363,2016-07-14,BRF,nymph,1
451,2016-07-19,Gilmore,nymph,0
368,2016-07-20,Chipman,nymph,1
455,2016-07-20,Foote,nymph,0
460,2016-07-20,Foote,nymph,0
365,2016-07-20,Foote,nymph,1
364,2016-07-20,Foote,nymph,0
366,2016-07-20,Foote,nymph,0
462,2016-07-22,BRF,nymph,0
463,2016-07-22,BRF,nymph,0
371,2016-07-25,Gorge,nymph,1
370,2016-07-25,Gorge,nymph,0
465,2016-07-25,Gorge,nymph,0
466,2016-07-25,Gorge,nymph,1
464,2016-07-25,SPIN,nymph,1
468,2016-07-26,Foote,nymph,0
372,2016-07-26,Foote,nymph,0
373,2016-07-26,Foote,nymph,0
374,2016-07-26,Foote,nymph,0
469,2016-07-27,Crystal,nymph,0
375,2016-08-02,Chipman,nymph,0
379,2016-08-02,Foote,nymph,0
377,2016-08-02,Foote,nymph,1
472,2016-08-02,Foote,nymph,0
476,2016-10-23,Chipman,male,0
473,2016-10-23,Gorge,female,0
474,2016-10-23,Gorge,male,0
475,2016-10-23,Gorge,male,0
501,2016-11-01,Foote,female,0
502,2016-11-01,Foote,female,0
518,2017-05-23,BRF,nymph,0
504,2017-05-23,Foote,nymph,1
510,2017-05-23,Foote,nymph,1
513,2017-05-23,Foote,nymph,1
503,2017-05-23,Foote,nymph,0
507,2017-05-23,Foote,nymph,0
511,2017-05-23,Foote,nymph,0
514,2017-05-23,Foote,nymph,0
515,2017-05-23,Foote,nymph,0
516,2017-05-23,Foote,female,0
517,2017-05-23,Foote,nymph,1
508,2017-05-23,Foote,nymph,1
520,2017-05-24,Chipman,nymph,0
525,2017-05-24,Chipman,male,0
527,2017-05-24,Chipman,male,0
531,2017-05-24,Chipman,nymph,0
532,2017-05-24,Chipman,nymph,0
535,2017-05-24,Chipman,nymph,0
539,2017-05-24,Chipman,nymph,0
540,2017-05-24,Chipman,nymph,0
544,2017-05-24,Chipman,nymph,0
547,2017-05-24,Chipman,female,0
548,2017-05-24,Chipman,nymph,0
552,2017-05-24,Chipman,nymph,0
553,2017-05-24,Chipman,male,0
554,2017-05-24,Chipman,female,0
524,2017-05-24,Chipman,nymph,1
530,2017-05-24,Chipman,nymph,1
533,2017-05-24,Chipman,nymph,1
534,2017-05-24,Chipman,nymph,1
538,2017-05-24,Chipman,nymph,1
542,2017-05-24,Chipman,nymph,1
543,2017-05-24,Chipman,nymph,1
545,2017-05-24,Chipman,nymph,1
546,2017-05-24,Chipman,female,1
549,2017-05-24,Chipman,female,1
550,2017-05-24,Chipman,nymph,1
555,2017-05-24,Chipman,nymph,1
556,2017-05-24,Chipman,female,1
526,2017-05-24,Chipman,female,0
573,2017-05-24,UpperChipman,nymph,1
567,2017-05-24,UpperChipman,nymph,0
570,2017-05-24,UpperChipman,nymph,0
571,2017-05-24,UpperChipman,nymph,0
572,2017-05-24,UpperChipman,nymph,1
558,2017-05-24,Gorge,nymph,0
560,2017-05-24,Gorge,male,0
564,2017-05-24,Gorge,nymph,0
565,2017-05-24,Gorge,nymph,0
561,2017-05-24,Gorge,nymph,1
563,2017-05-24,Gorge,female,1
566,2017-05-24,Gorge,nymph,1
577,2017-05-29,Foote,nymph,1
628,2017-05-29,Foote,male,1
606,2017-05-29,Foote,nymph,1
614,2017-05-29,Foote,nymph,1
575,2017-05-29,Foote,nymph,0
576,2017-05-29,Foote,nymph,0
578,2017-05-29,Foote,nymph,0
579,2017-05-29,Foote,nymph,0
582,2017-05-29,Foote,nymph,0
588,2017-05-29,Foote,nymph,0
591,2017-05-29,Foote,nymph,0
593,2017-05-29,Foote,nymph,0
594,2017-05-29,Foote,nymph,0
598,2017-05-29,Foote,nymph,0
599,2017-05-29,Foote,nymph,0
600,2017-05-29,Foote,nymph,0
625,2017-05-29,Foote,nymph,0
642,2017-05-29,Foote,nymph,0
629,2017-05-29,Foote,nymph,0
630,2017-05-29,Foote,nymph,0
631,2017-05-29,Foote,nymph,0
601,2017-05-29,Foote,nymph,0
607,2017-05-29,Foote,nymph,0
608,2017-05-29,Foote,nymph,0
610,2017-05-29,Foote,nymph,0
611,2017-05-29,Foote,nymph,0
618,2017-05-29,Foote,nymph,0
619,2017-05-29,Foote,nymph,0
622,2017-05-29,Foote,nymph,0
641,2017-05-29,Foote,nymph,0
613,2017-05-29,Foote,nymph,0
616,2017-05-29,Foote,nymph,0
632,2017-05-30,SPIN,nymph,0
636,2017-05-31,Major,nymph,0
702,2017-05-31,Major,nymph,0
706,2017-05-31,Major,nymph,0
708,2017-05-31,Major,nymph,0
647,2017-05-31,Major,nymph,0
648,2017-05-31,Major,nymph,0
649,2017-05-31,Major,nymph,0
651,2017-05-31,Major,nymph,0
653,2017-05-31,Major,nymph,0
710,2017-05-31,Major,nymph,1
634,2017-05-31,Major,male,0
705,2017-05-31,Major,nymph,0
655,2017-05-31,Major,nymph,0
660,2017-05-31,Major,nymph,0
715,2017-05-31,Major,nymph,0
716,2017-05-31,Major,nymph,0
719,2017-05-31,Major,nymph,0
723,2017-05-31,Major,nymph,0
725,2017-05-31,Major,nymph,0
726,2017-05-31,Major,nymph,0
711,2017-05-31,Major,nymph,1
718,2017-05-31,Major,nymph,1
724,2017-05-31,Major,nymph,1
661,2017-05-31,Major,nymph,0
751,2017-06-01,Foote,nymph,0
676,2017-06-01,Foote,nymph,0
677,2017-06-01,Foote,nymph,0
678,2017-06-01,Foote,nymph,0
679,2017-06-01,Foote,nymph,0
681,2017-06-01,Foote,nymph,0
682,2017-06-01,Foote,nymph,0
683,2017-06-01,Foote,nymph,0
684,2017-06-01,Foote,nymph,0
685,2017-06-01,Foote,nymph,0
748,2017-06-01,Foote,nymph,1
752,2017-06-01,Foote,nymph,1
753,2017-06-01,Foote,nymph,1
689,2017-06-01,Gorge,nymph,1
687,2017-06-01,Gorge,nymph,0
690,2017-06-01,Gorge,nymph,0
754,2017-06-01,Gorge,nymph,0
755,2017-06-01,Gorge,nymph,0
756,2017-06-01,Gorge,nymph,0
757,2017-06-01,Gorge,nymph,0
688,2017-06-01,Gorge,nymph,1
666,2017-06-01,Lourie,nymph,0
667,2017-06-01,Lourie,nymph,0
729,2017-06-01,Lourie,nymph,0
733,2017-06-01,Lourie,nymph,0
734,2017-06-01,Lourie,nymph,0
735,2017-06-01,Lourie,nymph,0
736,2017-06-01,Lourie,nymph,0
746,2017-06-01,Lourie,nymph,1
675,2017-06-01,Lourie,male,0
737,2017-06-01,Lourie,nymph,0
738,2017-06-01,Lourie,male,0
740,2017-06-01,Lourie,nymph,0
741,2017-06-01,Lourie,nymph,0
743,2017-06-01,Lourie,nymph,0
744,2017-06-01,Lourie,nymph,0
745,2017-06-01,Lourie,nymph,0
747,2017-06-01,Lourie,nymph,0
670,2017-06-01,Lourie,female,1
673,2017-06-01,Lourie,nymph,1
674,2017-06-01,Lourie,nymph,1
671,2017-06-01,Lourie,nymph,0
847,2017-06-05,BRF,nymph,0
762,2017-06-02,BRF,nymph,0
852,2017-06-05,Chipman,nymph,0
853,2017-06-05,Chipman,female,0
858,2017-06-05,Chipman,nymph,0
860,2017-06-05,Chipman,nymph,0
861,2017-06-05,Chipman,nymph,0
862,2017-06-05,Chipman,nymph,0
765,2017-06-05,Chipman,nymph,0
766,2017-06-05,Chipman,nymph,0
768,2017-06-05,Chipman,male,0
769,2017-06-05,Chipman,male,0
770,2017-06-05,Chipman,nymph,0
771,2017-06-05,Chipman,nymph,0
777,2017-06-05,Chipman,nymph,0
854,2017-06-05,Chipman,female,1
856,2017-06-05,Chipman,nymph,1
767,2017-06-05,Chipman,female,1
776,2017-06-05,Chipman,female,1
857,2017-06-05,Chipman,nymph,1
772,2017-06-05,Chipman,nymph,0
851,2017-06-05,UpperChipman,nymph,0
850,2017-06-05,UpperChipman,nymph,0
795,2017-06-07,Foote,nymph,1
781,2017-06-07,Foote,nymph,0
783,2017-06-07,Foote,nymph,0
787,2017-06-07,Foote,nymph,0
797,2017-06-07,Foote,nymph,0
779,2017-06-07,Foote,nymph,1
780,2017-06-07,Foote,nymph,1
784,2017-06-07,Foote,nymph,1
790,2017-06-07,Foote,nymph,1
785,2017-06-07,Foote,nymph,0
788,2017-06-07,Foote,nymph,0
789,2017-06-07,Foote,nymph,0
867,2017-06-07,Foote,nymph,0
872,2017-06-07,Foote,nymph,0
876,2017-06-07,Foote,nymph,0
881,2017-06-07,Foote,nymph,0
879,2017-06-07,Foote,nymph,1
885,2017-06-07,Foote,nymph,0
944,2017-06-07,Foote,male,1
956,2017-06-07,Foote,nymph,1
941,2017-06-07,Foote,nymph,0
945,2017-06-07,Foote,nymph,0
958,2017-06-07,Foote,nymph,0
960,2017-06-07,Foote,nymph,0
942,2017-06-07,Foote,female,1
947,2017-06-07,Foote,nymph,1
950,2017-06-07,Foote,nymph,1
959,2017-06-07,Foote,nymph,1
952,2017-06-07,Foote,nymph,0
957,2017-06-07,Foote,nymph,1
912,2017-06-07,Lourie,nymph,0
913,2017-06-07,Lourie,nymph,0
916,2017-06-07,Lourie,nymph,0
919,2017-06-07,Lourie,nymph,0
974,2017-06-07,Lourie,nymph,0
976,2017-06-07,Lourie,nymph,0
975,2017-06-07,Lourie,nymph,0
917,2017-06-07,Lourie,nymph,1
971,2017-06-07,Lourie,female,1
973,2017-06-07,Lourie,nymph,1
909,2017-06-07,Lourie,nymph,1
972,2017-06-07,Lourie,female,1
900,2017-06-07,Lourie,nymph,0
929,2017-06-07,Lourie,nymph,0
930,2017-06-07,Lourie,nymph,0
932,2017-06-07,Lourie,nymph,0
934,2017-06-07,Lourie,nymph,0
899,2017-06-07,Lourie,male,1
1225,2017-06-07,Lourie,nymph,1
901,2017-06-07,Major,nymph,0
902,2017-06-07,Major,nymph,0
903,2017-06-07,Major,nymph,0
904,2017-06-07,Major,nymph,0
905,2017-06-07,Major,nymph,0
906,2017-06-07,Major,nymph,0
921,2017-06-07,Major,nymph,0
928,2017-06-07,Major,nymph,0
924,2017-06-07,Major,male,1
907,2017-06-07,Major,nymph,1
925,2017-06-07,Major,nymph,1
889,2017-06-07,Major,nymph,1
886,2017-06-07,Major,nymph,0
887,2017-06-07,Major,nymph,0
888,2017-06-07,Major,nymph,0
890,2017-06-07,Major,nymph,0
892,2017-06-07,Major,nymph,0
963,2017-06-07,Major,nymph,0
965,2017-06-07,Major,nymph,0
968,2017-06-07,Major,nymph,0
970,2017-06-07,Major,nymph,0
894,2017-06-07,Major,nymph,1
967,2017-06-07,Major,nymph,0
978,2017-06-08,Gorge,nymph,0
979,2017-06-08,Gorge,nymph,0
980,2017-06-08,Gorge,nymph,0
800,2017-06-08,Gorge,male,0
935,2017-06-08,Gorge,male,0
938,2017-06-08,Gorge,nymph,0
936,2017-06-08,Gorge,nymph,1
937,2017-06-08,Gorge,nymph,1
939,2017-06-08,Gorge,nymph,1
1083,2017-06-08,Gorge,nymph,1
1085,2017-06-08,Gorge,nymph,0
1086,2017-06-08,Gorge,nymph,0
1088,2017-06-08,Gorge,nymph,0
1089,2017-06-08,Gorge,nymph,0
1041,2017-06-08,Gorge,nymph,0
1042,2017-06-08,Gorge,nymph,0
1043,2017-06-08,Gorge,nymph,0
1084,2017-06-08,Gorge,nymph,0
1201,2017-06-14,Gilmore,nymph,0
1001,2017-06-14,Gilmore,nymph,0
1207,2017-06-15,Chipman,nymph,0
1210,2017-06-15,Chipman,nymph,0
1212,2017-06-15,Chipman,nymph,0
1202,2017-06-15,Chipman,nymph,1
1090,2017-06-15,Chipman,nymph,1
1100,2017-06-15,Frost,nymph,0
1002,2017-06-15,Frost,nymph,0
1221,2017-06-15,SPIN,nymph,0
1222,2017-06-15,SPIN,nymph,0
1145,2017-06-20,BRF,nymph,0
1148,2017-06-20,UpperChipman,nymph,0
1150,2017-06-20,UpperChipman,nymph,0
1153,2017-06-20,UpperChipman,nymph,0
1146,2017-06-20,UpperChipman,nymph,0
1147,2017-06-20,UpperChipman,nymph,0
1160,2017-06-21,Chipman,nymph,0
1178,2017-06-21,Chipman,nymph,0
1181,2017-06-21,Chipman,nymph,0
1255,2017-06-21,Chipman,nymph,0
1252,2017-06-21,Chipman,nymph,1
1179,2017-06-21,Chipman,nymph,0
1183,2017-06-21,Chipman,nymph,0
1249,2017-06-21,Chipman,nymph,1
1251,2017-06-21,Chipman,nymph,1
1317,2017-06-21,Chipman,nymph,0
1318,2017-06-21,Chipman,nymph,0
1323,2017-06-21,Chipman,nymph,0
1315,2017-06-21,Chipman,nymph,0
1320,2017-06-21,Chipman,male,1
1365,2017-06-21,Foote,nymph,0
1370,2017-06-21,Foote,nymph,0
1372,2017-06-21,Foote,nymph,0
1373,2017-06-21,Foote,nymph,0
1374,2017-06-21,Foote,nymph,0
1237,2017-06-21,Foote,nymph,0
1238,2017-06-21,Foote,nymph,0
1247,2017-06-21,Foote,nymph,0
1366,2017-06-21,Foote,nymph,1
1246,2017-06-21,Foote,nymph,1
1371,2017-06-21,Foote,nymph,0
1375,2017-06-21,Foote,nymph,0
1234,2017-06-21,Foote,nymph,0
1239,2017-06-21,Foote,nymph,0
1301,2017-06-21,Foote,nymph,0
1303,2017-06-21,Foote,nymph,0
1306,2017-06-21,Foote,nymph,0
1309,2017-06-21,Foote,nymph,0
1311,2017-06-21,Foote,nymph,0
1166,2017-06-21,Foote,female,0
1174,2017-06-21,Foote,nymph,0
1176,2017-06-21,Foote,nymph,0
1302,2017-06-21,Foote,nymph,1
1307,2017-06-21,Foote,nymph,1
1163,2017-06-21,Foote,nymph,1
1164,2017-06-21,Foote,nymph,0
1165,2017-06-21,Foote,nymph,0
1173,2017-06-21,Foote,nymph,0
1260,2017-06-21,Gorge,nymph,0
1264,2017-06-21,Gorge,nymph,0
1265,2017-06-21,Gorge,nymph,0
1258,2017-06-21,Gorge,nymph,1
1263,2017-06-21,Gorge,nymph,1
1186,2017-06-21,Gorge,nymph,0
1261,2017-06-21,Gorge,nymph,0
1389,2017-06-21,Gorge,nymph,0
1329,2017-06-21,Gorge,nymph,0
1330,2017-06-21,Gorge,nymph,0
1333,2017-06-21,Gorge,nymph,0
1390,2017-06-21,Gorge,nymph,1
1392,2017-06-21,Gorge,nymph,0
1433,2017-06-22,Lourie,nymph,0
1434,2017-06-22,Lourie,nymph,0
1431,2017-06-22,Lourie,nymph,1
1200,2017-06-22,Lourie,female,1
1343,2017-06-22,Lourie,nymph,0
1344,2017-06-22,Lourie,female,0
1345,2017-06-22,Lourie,nymph,0
1349,2017-06-22,Lourie,nymph,0
1293,2017-06-22,Lourie,nymph,0
1296,2017-06-22,Lourie,nymph,0
1336,2017-06-22,Major,nymph,0
1337,2017-06-22,Major,nymph,0
1282,2017-06-22,Major,nymph,0
1286,2017-06-22,Major,nymph,0
1287,2017-06-22,Major,nymph,0
1334,2017-06-22,Major,nymph,1
1340,2017-06-22,Major,nymph,0
1341,2017-06-22,Major,nymph,0
1266,2017-06-22,Major,nymph,0
1284,2017-06-22,Major,nymph,1
1378,2017-06-22,Major,nymph,0
1394,2017-06-22,Major,nymph,0
1190,2017-06-22,Major,nymph,0
1393,2017-06-22,Major,nymph,0
1395,2017-06-22,Major,nymph,1
1397,2017-06-22,Major,nymph,0
1422,2017-06-22,Major,nymph,0
1196,2017-06-22,Major,nymph,0
1561,2017-06-27,Frost,nymph,1
1401,2017-06-27,SPIN,nymph,0
1453,2017-06-27,SPIN,nymph,0
1521,2017-06-28,Gilmore,nymph,0
1599,2017-07-03,UpperChipman,nymph,0
1600,2017-07-03,UpperChipman,nymph,0
1660,2017-07-03,UpperChipman,nymph,0
1671,2017-07-03,UpperChipman,nymph,0
1598,2017-07-03,UpperChipman,nymph,1
1581,2017-07-03,UpperChipman,nymph,0
1701,2017-07-03,Chipman,nymph,0
1702,2017-07-03,Chipman,nymph,0
1703,2017-07-03,Chipman,nymph,0
1721,2017-07-03,Chipman,nymph,0
1722,2017-07-03,Chipman,nymph,0
1585,2017-07-03,Foote,nymph,0
1586,2017-07-03,Foote,nymph,0
1588,2017-07-03,Foote,nymph,0
1592,2017-07-03,Foote,nymph,0
1596,2017-07-03,Foote,nymph,0
1593,2017-07-03,Foote,female,1
1647,2017-07-03,Foote,nymph,1
1404,2017-07-03,Foote,nymph,0
1405,2017-07-03,Foote,nymph,0
1412,2017-07-03,Foote,nymph,0
1641,2017-07-03,Foote,nymph,0
1642,2017-07-03,Foote,nymph,0
1644,2017-07-03,Foote,nymph,0
1645,2017-07-03,Foote,nymph,0
1653,2017-07-03,Foote,nymph,0
1657,2017-07-03,Foote,nymph,0
1658,2017-07-03,Foote,nymph,0
1659,2017-07-03,Foote,nymph,0
1603,2017-07-03,Foote,nymph,0
1604,2017-07-03,Foote,nymph,0
1605,2017-07-03,Foote,nymph,0
1607,2017-07-03,Foote,nymph,0
1608,2017-07-03,Foote,nymph,1
1411,2017-07-03,Foote,nymph,0
1646,2017-07-03,Foote,nymph,0
1562,2017-07-03,Foote,nymph,1
1563,2017-07-03,Foote,nymph,0
1564,2017-07-03,Foote,nymph,0
1565,2017-07-03,Foote,nymph,0
1571,2017-07-03,Foote,nymph,0
1572,2017-07-03,Foote,nymph,0
1573,2017-07-03,Foote,nymph,0
1574,2017-07-03,Foote,nymph,0
1576,2017-07-03,Foote,nymph,0
1577,2017-07-03,Foote,nymph,0
1579,2017-07-03,Foote,nymph,0
1621,2017-07-03,Foote,nymph,0
1623,2017-07-03,Foote,nymph,0
1626,2017-07-03,Foote,nymph,0
1627,2017-07-03,Foote,nymph,0
1632,2017-07-03,Foote,nymph,0
1639,2017-07-03,Foote,nymph,0
1569,2017-07-03,Foote,nymph,1
1633,2017-07-03,Foote,nymph,1
1638,2017-07-03,Foote,nymph,1
1568,2017-07-03,Foote,nymph,0
1630,2017-07-03,Foote,nymph,0
1771,2017-07-05,Lourie,nymph,0
1706,2017-07-05,Lourie,nymph,1
1865,2017-07-05,Lourie,nymph,0
1871,2017-07-05,Lourie,nymph,0
1873,2017-07-05,Lourie,nymph,0
1875,2017-07-05,Lourie,nymph,1
1691,2017-07-05,Major,nymph,0
1694,2017-07-05,Major,nymph,0
1861,2017-07-05,Major,nymph,0
1695,2017-07-05,Major,nymph,0
1713,2017-07-05,Major,nymph,0
1712,2017-07-05,Major,nymph,0
1445,2017-07-05,Major,nymph,0
1444,2017-07-05,Major,nymph,0
1442,2017-07-05,Major,nymph,0
1780,2017-07-05,Major,nymph,0
1776,2017-07-05,Major,nymph,0
1542,2017-07-10,Crystal,nymph,0
1888,2017-07-10,Crystal,nymph,0
1889,2017-07-10,Crystal,nymph,0
1951,2017-07-10,Gorge,nymph,0
1950,2017-07-10,Gorge,nymph,0
1949,2017-07-10,Gorge,nymph,0
1882,2017-07-10,Gorge,nymph,0
1883,2017-07-10,Gorge,nymph,0
1884,2017-07-10,Gorge,nymph,0
1885,2017-07-10,Gorge,nymph,0
1886,2017-07-10,Gorge,nymph,0
1887,2017-07-10,Gorge,nymph,0
1735,2017-07-10,Gorge,nymph,0
1522,2017-07-10,Gorge,nymph,0
1523,2017-07-10,Gorge,nymph,0
1524,2017-07-10,Gorge,nymph,0
1525,2017-07-10,Gorge,nymph,0
1526,2017-07-10,Gorge,nymph,0
1527,2017-07-10,Gorge,nymph,0
1528,2017-07-10,Gorge,nymph,0
1541,2017-07-10,Gorge,nymph,0
1734,2017-07-10,Gorge,nymph,1
1758,2017-07-12,Frost,nymph,0
1530,2017-07-12,Gilmore,nymph,0
1759,2017-07-12,SPIN,nymph,0
1824,2017-07-18,Chipman,nymph,0
2219,2017-07-18,Chipman,nymph,0
2049,2017-07-18,Chipman,nymph,0
2077,2017-07-18,Chipman,nymph,0
1557,2017-07-18,Foote,nymph,0
1942,2017-07-18,Foote,nymph,1
2052,2017-07-18,Foote,nymph,0
1827,2017-07-18,Foote,nymph,0
1846,2017-07-18,Foote,nymph,0
1964,2017-07-18,Foote,nymph,1
2035,2017-07-31,Foote,nymph,0
2355,2017-09-11,Foote,nymph,1
2176,2017-10-10,Lourie,nymph,1
2520,2018-06-05,Foote,nymph,1
2518,2018-06-05,Foote,nymph,0
2516,2018-06-05,Foote,nymph,0
2517,2018-06-05,Foote,nymph,0
2515,2018-06-05,Foote,nymph,0
2514,2018-06-05,Foote,nymph,0
2513,2018-06-05,Foote,nymph,0
2512,2018-06-05,Foote,female,1
2511,2018-06-05,Foote,nymph,0
2509,2018-06-05,Foote,nymph,0
2508,2018-06-05,Foote,nymph,1
2507,2018-06-05,Foote,nymph,0
2580,2018-06-05,Foote,male,0
2579,2018-06-05,Foote,nymph,0
2578,2018-06-05,Foote,nymph,1
2577,2018-06-05,Foote,nymph,0
2576,2018-06-05,Foote,nymph,0
2575,2018-06-05,Foote,nymph,0
2574,2018-06-05,Foote,nymph,0
2572,2018-06-05,Foote,male,0
2568,2018-06-05,Foote,nymph,0
2620,2018-06-06,Crystal,nymph,0
2600,2018-06-06,Frost,nymph,0
2589,2018-06-11,Chipman,male,0
2619,2018-06-07,Gorge,male,1
2618,2018-06-07,Gorge,female,0
2599,2018-06-07,Gorge,nymph,0
2598,2018-06-07,Gorge,nymph,0
2617,2018-06-07,SPIN,female,0
2597,2018-06-08,Major,male,0
2596,2018-06-08,Major,nymph,1
2595,2018-06-08,Major,nymph,1
2594,2018-06-08,Major,nymph,1
2593,2018-06-08,Major,nymph,0
2592,2018-06-08,Major,nymph,0
2561,2018-06-08,Major,nymph,0
2560,2018-06-08,Major,nymph,0
2559,2018-06-08,Major,nymph,0
2567,2018-06-08,Major,nymph,1
2558,2018-06-08,Major,nymph,0
2616,2018-06-08,Major,nymph,0
2615,2018-06-08,Major,nymph,0
2614,2018-06-08,Major,nymph,1
2613,2018-06-08,Major,female,1
2612,2018-06-08,Major,nymph,1
2540,2018-06-08,Lourie,female,1
2539,2018-06-08,Lourie,nymph,0
2591,2018-06-08,Lourie,female,0
2590,2018-06-08,Lourie,nymph,1
2556,2018-06-18,Gorge,female,0
2588,2018-06-18,Gorge,female,1
2587,2018-06-18,Gorge,female,0
2660,2018-06-18,Gorge,nymph,1
2537,2018-06-12,UpperChipman,female,1
2585,2018-06-18,Gorge,female,0
2584,2018-06-18,Gorge,female,1
2583,2018-06-18,Gorge,nymph,1
2554,2018-06-18,SPIN,male,0
2555,2018-06-18,SPIN,nymph,0
2647,2018-06-21,Frost,nymph,0
2535,2018-06-19,Foote,nymph,0
2533,2018-06-19,Foote,nymph,0
2531,2018-06-19,Foote,male,0
2629,2018-06-20,Lourie,nymph,0
2582,2018-06-20,Lourie,nymph,0
2650,2018-06-20,Lourie,male,1
2624,2018-06-26,Snowbowl,nymph,0
2645,2018-06-25,Chipman,nymph,0
2656,2018-06-25,Chipman,nymph,1
2639,2018-06-25,Chipman,nymph,0
2637,2018-06-25,Chipman,nymph,0
2626,2018-06-25,Chipman,female,1
2611,2018-06-25,Chipman,female,0
2609,2018-06-25,Chipman,nymph,0
2608,2018-06-25,Chipman,nymph,0
2544,2018-07-03,Foote,nymph,0
2543,2018-07-03,Foote,nymph,0
2542,2018-07-03,Foote,nymph,1
2644,2018-07-03,Foote,female,1
2606,2018-07-03,Foote,female,0
2840,2019-05-22,Gorge,male,0
2839,2019-05-22,Gorge,female,0
2838,2019-05-22,Gorge,male,1
2780,2019-05-22,Frost,nymph,0
2738,2019-05-21,Lourie,nymph,0
2737,2019-05-21,Lourie,male,1
2735,2019-05-21,Lourie,nymph,1
2760,2019-05-21,Lourie,male,0
2800,2019-05-21,Lourie,female,1
2799,2019-05-21,Lourie,male,1
2734,2019-05-21,Lourie,nymph,0
2732,2019-05-21,Lourie,nymph,1
2797,2019-05-21,Lourie,nymph,1
2796,2019-05-21,Lourie,nymph,0
2795,2019-05-21,Lourie,nymph,1
2794,2019-05-21,Lourie,nymph,1
2755,2019-05-21,Major,nymph,0
2753,2019-05-21,Major,nymph,0
2791,2019-05-21,Major,nymph,1
2730,2019-05-23,Chipman,male,1
2729,2019-05-23,Chipman,nymph,1
2790,2019-05-23,Chipman,nymph,0
2789,2019-05-23,Chipman,male,1
2788,2019-05-23,Chipman,nymph,1
2786,2019-05-23,Chipman,female,0
2785,2019-05-23,Chipman,female,1
2727,2019-05-23,Chipman,female,0
2783,2019-05-23,Chipman,male,1
2782,2019-05-23,Chipman,nymph,0
2837,2019-05-23,Chipman,nymph,0
2836,2019-05-23,Chipman,nymph,1
2726,2019-05-23,UpperChipman,male,1
2725,2019-05-23,UpperChipman,nymph,0
2835,2019-05-23,UpperChipman,nymph,1
2834,2019-05-23,UpperChipman,nymph,0
2832,2019-05-23,UpperChipman,nymph,0
2944,2019-05-30,BRF,nymph,0
2860,2019-05-30,BRF,nymph,0
2859,2019-05-30,BRF,nymph,0
2858,2019-05-30,BRF,nymph,0
2781,2019-05-27,Foote,nymph,0
2980,2019-05-27,Foote,nymph,0
2979,2019-05-27,Foote,male,1
2978,2019-05-27,Foote,nymph,0
2977,2019-05-27,Foote,nymph,0
2830,2019-05-27,Foote,nymph,0
2828,2019-05-27,Foote,nymph,0
2827,2019-05-27,Foote,nymph,0
2826,2019-05-27,Foote,female,1
2751,2019-05-27,Foote,nymph,1
2825,2019-05-27,Foote,nymph,0
2974,2019-05-27,Foote,nymph,0
2972,2019-05-27,Foote,nymph,0
2971,2019-05-27,Foote,nymph,1
2750,2019-05-27,Foote,nymph,1
2749,2019-05-27,Foote,nymph,0
2970,2019-05-27,Foote,nymph,0
2969,2019-05-27,Foote,nymph,0
2968,2019-05-27,Foote,nymph,0
2748,2019-05-27,Foote,nymph,0
2900,2019-05-27,Foote,male,1
2723,2019-05-27,Foote,male,1
2721,2019-05-27,Foote,nymph,0
2722,2019-05-27,Foote,nymph,0
2899,2019-05-27,Foote,nymph,1
2898,2019-05-27,Foote,nymph,0
2897,2019-05-27,Foote,nymph,0
2893,2019-06-03,Lourie,nymph,1
2892,2019-06-03,Lourie,nymph,0
2661,2019-06-03,Lourie,nymph,0
3065,2019-06-03,Lourie,nymph,1
3066,2019-06-03,Lourie,nymph,0
3072,2019-06-03,Major,nymph,0
3074,2019-06-03,Major,nymph,0
3075,2019-06-03,Major,nymph,0
2946,2019-06-03,Major,nymph,0
2950,2019-06-03,Major,nymph,0
3026,2019-06-03,Major,nymph,1
3027,2019-06-03,Major,nymph,0
3035,2019-06-03,Major,nymph,1
2888,2019-06-03,Major,nymph,1
3049,2019-06-03,Major,nymph,0
3047,2019-06-03,Major,male,1
2884,2019-06-03,Major,nymph,1
2939,2019-06-04,SPIN,nymph,0
2938,2019-06-04,Frost,nymph,0
3020,2019-06-04,Frost,nymph,0
2937,2019-06-06,Foote,nymph,0
2936,2019-06-06,Foote,female,0
2960,2019-06-06,Foote,nymph,0
2959,2019-06-06,Foote,nymph,1
2958,2019-06-06,Foote,female,1
2957,2019-06-06,Foote,male,1
2956,2019-06-06,Foote,female,0
2915,2019-06-06,Foote,nymph,0
2909,2019-06-06,Foote,nymph,0
2908,2019-06-06,Foote,nymph,0
2906,2019-06-06,Foote,female,1
2905,2019-06-06,Foote,male,0
3200,2019-06-12,UpperChipman,nymph,0
3194,2019-06-12,UpperChipman,nymph,0
3193,2019-06-12,UpperChipman,nymph,1
3187,2019-06-12,UpperChipman,nymph,0
3186,2019-06-12,UpperChipman,nymph,0
3183,2019-06-12,UpperChipman,nymph,0
3140,2019-06-12,Gorge,nymph,0
2865,2019-06-12,Gorge,nymph,0
3138,2019-06-12,Gorge,female,1
3135,2019-06-12,Gorge,nymph,0
3145,2019-06-12,Gorge,nymph,0
3000,2019-06-13,Chipman,female,1
2996,2019-06-13,Chipman,nymph,0
3146,2019-06-13,Chipman,nymph,1
3149,2019-06-13,Chipman,nymph,0
3152,2019-06-13,Chipman,male,1
3043,2019-06-13,Chipman,female,1
3041,2019-06-13,Chipman,male,1
2993,2019-06-13,Chipman,nymph,1
2991,2019-06-13,Chipman,nymph,0
2988,2019-06-13,Chipman,nymph,0
2747,2019-06-13,Chipman,nymph,1
3279,2019-06-17,Lourie,nymph,0
3276,2019-06-17,Lourie,nymph,0
3222,2019-06-17,Lourie,nymph,0
3158,2019-06-17,Lourie,nymph,0
3220,2019-06-17,Lourie,nymph,0
3218,2019-06-17,Lourie,nymph,1
3247,2019-06-17,Major,nymph,0
3256,2019-06-17,Major,nymph,0
3271,2019-06-17,Major,nymph,0
3230,2019-06-17,Major,nymph,0
3233,2019-06-17,Major,female,0
3234,2019-06-17,Major,nymph,1
3236,2019-06-17,Major,nymph,0
3240,2019-06-17,Major,nymph,0
3212,2019-06-17,Major,nymph,1
3207,2019-06-17,Major,nymph,0
3203,2019-06-17,Major,nymph,1
2745,2019-06-14,BRF,nymph,1
2777,2019-06-18,Gorge,nymph,1
3176,2019-06-18,Gorge,nymph,1
2688,2019-06-18,Gorge,nymph,0
2687,2019-06-18,Gorge,nymph,0
2935,2019-06-18,Gorge,nymph,1
2822,2019-06-18,Gorge,female,0
2821,2019-06-18,Gorge,female,0
3174,2019-06-18,Frost,nymph,0
2931,2019-06-19,Foote,nymph,0
2930,2019-06-19,Foote,nymph,1
2926,2019-06-19,Foote,nymph,0
2925,2019-06-19,Foote,nymph,1
2924,2019-06-19,Foote,nymph,0
2923,2019-06-19,Foote,nymph,0
3090,2019-06-19,Foote,nymph,0
3092,2019-06-19,Foote,nymph,1
3093,2019-06-19,Foote,nymph,0
3097,2019-06-19,Foote,male,1
3172,2019-06-19,Foote,nymph,0
3171,2019-06-19,Foote,female,0
3170,2019-06-19,Foote,male,0
3168,2019-06-19,Foote,nymph,0
3167,2019-06-19,Foote,nymph,0
3166,2019-06-19,Foote,female,0
3162,2019-06-19,Foote,nymph,0
2887,2019-06-03,Major,NA,0
3100,2019-06-24,Chipman,nymph,1
3359,2019-06-24,Chipman,female,1
3358,2019-06-24,Chipman,female,1
3340,2019-06-24,Chipman,nymph,1
3378,2019-06-24,Chipman,nymph,0
3374,2019-06-24,Chipman,nymph,1
3371,2019-06-24,Chipman,nymph,0
3370,2019-06-24,Chipman,male,0
3369,2019-06-24,UpperChipman,nymph,0
3333,2019-06-24,UpperChipman,nymph,0
3331,2019-06-24,UpperChipman,nymph,0
2771,2019-06-26,BRF,nymph,0
2770,2019-06-26,BRF,nymph,0
3355,2019-06-27,SPIN,nymph,0
2874,2019-06-27,SPIN,female,0
3386,2019-06-27,SPIN,nymph,1
3385,2019-06-27,SPIN,nymph,0
3384,2019-06-27,SPIN,male,1
3313,2019-06-27,SPIN,nymph,0
3312,2019-06-27,SPIN,nymph,0
3311,2019-06-27,Crystal,nymph,0
3319,2019-06-26,BRF,nymph,0
3353,2019-07-03,Jackson,nymph,0
3352,2019-07-03,Jackson,nymph,1
3351,2019-07-03,Jackson,nymph,0
3457,2019-07-01,Lourie,nymph,1
3455,2019-07-01,Lourie,nymph,0
3452,2019-07-01,Lourie,nymph,1
3449,2019-07-01,Lourie,nymph,0
3448,2019-07-01,Lourie,nymph,0
2768,2019-07-01,Lourie,nymph,1
3498,2019-07-01,Lourie,nymph,0
3440,2019-07-01,Lourie,nymph,0
3436,2019-07-01,Lourie,nymph,0
3433,2019-07-01,Lourie,nymph,1
3432,2019-07-01,Lourie,nymph,0
3477,2019-07-01,Lourie,male,0
3476,2019-07-01,Lourie,nymph,0
3473,2019-07-01,Lourie,nymph,0
3471,2019-07-01,Major,nymph,0
3468,2019-07-01,Major,nymph,0
3466,2019-07-01,Major,nymph,0
3464,2019-07-01,Major,nymph,0
3463,2019-07-01,Major,nymph,0
3492,2019-07-01,Major,female,0
3489,2019-07-01,Major,nymph,0
3488,2019-07-01,Major,nymph,0
3427,2019-07-01,Major,nymph,1
3310,2019-07-01,Major,nymph,0
3446,2019-07-01,Major,male,0
3560,2019-07-08,UpperChipman,nymph,0
3559,2019-07-08,UpperChipman,nymph,0
3526,2019-07-08,UpperChipman,nymph,0
3520,2019-07-08,UpperChipman,nymph,1
3517,2019-07-08,UpperChipman,nymph,0
3348,2019-07-03,Jackson,nymph,0
3347,2019-07-03,Jackson,nymph,1
3346,2019-07-03,Jackson,nymph,1
3345,2019-07-03,Jackson,nymph,0
3344,2019-07-03,Jackson,nymph,0
3343,2019-07-03,Jackson,nymph,0
2744,2019-07-03,Gorge,nymph,1
2743,2019-07-03,Gorge,male,1
2741,2019-07-03,Gorge,male,1
3441,2019-07-03,Gorge,nymph,0
3442,2019-07-03,Gorge,nymph,0
3600,2019-07-03,Gorge,nymph,1
3599,2019-07-03,Gorge,nymph,0
3598,2019-07-03,Gorge,nymph,0
3597,2019-07-03,Gorge,nymph,0
3596,2019-07-03,Gorge,nymph,0
3595,2019-07-03,Gorge,nymph,1
3594,2019-07-03,Frost,nymph,0
3593,2019-07-03,SPIN,nymph,1
3592,2019-07-03,SPIN,nymph,0
3521,2019-07-03,SPIN,nymph,0
3522,2019-07-03,SPIN,male,1
3591,2019-07-09,BRF,nymph,0
3515,2019-07-09,BRF,nymph,0
3507,2019-07-10,Gilmore,nymph,0
3540,2019-07-10,Crystal,nymph,0
3539,2019-07-10,Snowbowl,nymph,0
3530,2019-07-15,Major,nymph,0
3557,2019-07-16,SPIN,nymph,0
3660,2019-07-18,Jackson,nymph,0
3651,2019-07-18,Gorge,nymph,0
3650,2019-07-18,Gorge,female,1
3649,2019-07-18,Gorge,female,0
3681,2019-07-25,BRF,nymph,0
3682,2019-07-25,BRF,nymph,0
3620,2019-07-25,BRF,nymph,0
3619,2019-07-25,BRF,nymph,0
3617,2019-07-25,BRF,nymph,1
3695,2019-07-22,Gilmore,nymph,1
3671,2019-07-19,UpperChipman,nymph,0
3670,2019-07-19,UpperChipman,nymph,1
3680,2019-07-19,UpperChipman,nymph,0
3678,2019-07-19,UpperChipman,nymph,0
3677,2019-07-19,UpperChipman,nymph,0
3676,2019-07-19,UpperChipman,nymph,1
3640,2019-07-30,Gorge,nymph,0
3638,2019-07-30,Gorge,nymph,0
3616,2019-07-30,Gorge,nymph,0
3611,2019-07-31,Jackson,nymph,0
3610,2019-07-31,Jackson,nymph,0
3608,2019-07-31,Jackson,nymph,0
3637,2019-07-31,Jackson,nymph,0
3635,2019-07-31,Jackson,nymph,0
3607,2019-07-31,Jackson,nymph,1
3606,2019-07-31,Jackson,nymph,1
3779,2019-08-09,BRF,nymph,0
3776,2021-06-01,Major,nymph,0
3775,2021-06-01,Major,nymph,0
3774,2021-06-01,Major,nymph,0
3772,2021-06-01,Major,nymph,1
3802,2021-06-01,Major,nymph,0
3803,2021-06-01,Major,male,1
3818,2021-06-01,Major,nymph,0
3819,2021-06-01,Major,nymph,0
3820,2021-06-01,Major,nymph,0
3724,2021-06-01,Major,nymph,0
3770,2021-06-01,Major,nymph,0
3768,2021-06-01,Major,nymph,0
3766,2021-06-01,Major,nymph,1
3765,2021-06-01,Major,nymph,0
3764,2021-06-01,Major,nymph,1
3763,2021-06-01,Major,nymph,1
3804,2021-06-01,Major,nymph,0
3805,2021-06-01,Major,nymph,0
3762,2021-06-01,Major,nymph,0
3806,2021-06-01,Major,nymph,0
3807,2021-06-01,Major,male,1
3808,2021-06-01,Major,nymph,1
3809,2021-06-01,Major,nymph,0
3732,2021-06-02,SPIN,nymph,1
3811,2021-06-02,SPIN,nymph,0
3850,2021-06-02,Frost,nymph,0
3870,2021-06-02,Frost,nymph,0
3851,2021-06-04,Lourie,nymph,0
3852,2021-06-04,Lourie,nymph,0
3853,2021-06-04,Lourie,nymph,0
3854,2021-06-04,Lourie,nymph,0
3855,2021-06-04,Lourie,nymph,1
3856,2021-06-04,Lourie,nymph,0
3857,2021-06-04,Lourie,nymph,0
3858,2021-06-04,Lourie,nymph,0
3859,2021-06-04,Lourie,nymph,0
3860,2021-06-04,Lourie,nymph,0
3849,2021-06-04,Lourie,nymph,0
3848,2021-06-04,Lourie,female,0
3847,2021-06-04,Lourie,male,1
3846,2021-06-04,Lourie,male,0
3845,2021-06-04,Lourie,nymph,1
3844,2021-06-04,Lourie,nymph,0
3842,2021-06-04,Lourie,nymph,0
3841,2021-06-04,Lourie,nymph,0
3729,2021-06-04,Lourie,nymph,0
3731,2021-06-04,Lourie,nymph,0
3730,2021-06-04,Lourie,male,1
3869,2021-06-04,Lourie,nymph,0
3868,2021-06-04,Lourie,nymph,0
3867,2021-06-04,Lourie,nymph,0
3930,2021-06-07,Gorge,nymph,0
3929,2021-06-07,Gorge,nymph,0
3928,2021-06-07,Gorge,nymph,0
3927,2021-06-07,Gorge,female,0
3728,2021-06-07,Gorge,nymph,0
3910,2021-06-07,Gorge,nymph,0
3909,2021-06-07,Gorge,nymph,0
3908,2021-06-07,Gorge,nymph,0
3907,2021-06-07,Gorge,nymph,0
3906,2021-06-07,Gorge,nymph,0
3905,2021-06-07,Gorge,male,1
3904,2021-06-07,Gorge,nymph,0
3903,2021-06-07,Gorge,nymph,0
3902,2021-06-07,Gorge,nymph,0
3926,2021-06-07,Gorge,nymph,0
3925,2021-06-07,Gorge,nymph,0
3924,2021-06-07,Gorge,nymph,0
3922,2021-06-07,Gorge,male,0
3901,2021-06-07,Gorge,nymph,0
3875,2021-06-07,Gorge,male,1
3874,2021-06-07,Gorge,nymph,1
3873,2021-06-07,Gilmore,nymph,1
3872,2021-06-07,Gilmore,nymph,0
3921,2021-06-07,Gilmore,nymph,0
4000,2021-06-08,Foote,nymph,0
3999,2021-06-08,Foote,nymph,0
3998,2021-06-08,Foote,nymph,1
3997,2021-06-08,Foote,nymph,1
3995,2021-06-08,Foote,nymph,0
3994,2021-06-08,Foote,nymph,0
3993,2021-06-08,Foote,nymph,1
3992,2021-06-08,Foote,female,1
3991,2021-06-08,Foote,nymph,0
3990,2021-06-08,Foote,nymph,0
3980,2021-06-08,Foote,female,1
3979,2021-06-08,Foote,nymph,1
3978,2021-06-08,Foote,nymph,0
3976,2021-06-08,Foote,male,1
3966,2021-06-08,Foote,male,0
3965,2021-06-08,Foote,nymph,1
3911,2021-06-08,Foote,nymph,0
3912,2021-06-08,Foote,nymph,0
3913,2021-06-08,Foote,nymph,0
3914,2021-06-08,Foote,nymph,0
3915,2021-06-08,Foote,nymph,0
3916,2021-06-08,Foote,nymph,0
3917,2021-06-08,Foote,nymph,1
3918,2021-06-08,Foote,nymph,1
3919,2021-06-08,Foote,nymph,0
3920,2021-06-08,Foote,nymph,0
3931,2021-06-08,Foote,nymph,0
3932,2021-06-08,Foote,nymph,0
3933,2021-06-08,Foote,nymph,1
3934,2021-06-08,Foote,nymph,1
3935,2021-06-08,Foote,nymph,0
3936,2021-06-08,Foote,nymph,0
3937,2021-06-08,Foote,nymph,0
3938,2021-06-08,Foote,nymph,0
3960,2021-06-08,Foote,nymph,0
3959,2021-06-08,Foote,nymph,1
3957,2021-06-08,Foote,nymph,1
3956,2021-06-08,Foote,nymph,1
3955,2021-06-08,Foote,nymph,0
3954,2021-06-08,Foote,nymph,0
3953,2021-06-08,Foote,nymph,0
3952,2021-06-08,Foote,nymph,0
3951,2021-06-08,Foote,nymph,0
3950,2021-06-08,Foote,nymph,0
3949,2021-06-08,Foote,nymph,1
3948,2021-06-08,Foote,nymph,0
3947,2021-06-08,Foote,nymph,0
3946,2021-06-08,Foote,nymph,0
3945,2021-06-08,Foote,nymph,1
3944,2021-06-08,Foote,female,0
3943,2021-06-08,Foote,nymph,0
3942,2021-06-08,Foote,nymph,0
3941,2021-06-08,Foote,nymph,1
3882,2021-06-08,Foote,nymph,0
3984,2021-06-08,Foote,nymph,1
3985,2021-06-08,Foote,nymph,0
3987,2021-06-08,Foote,nymph,0
3988,2021-06-08,Foote,nymph,1
3964,2021-06-08,Foote,nymph,1
3968,2021-06-08,Foote,nymph,0
3939,2021-06-08,Foote,nymph,1
3940,2021-06-08,Foote,nymph,0
3969,2021-06-08,Foote,nymph,0
3970,2021-06-08,Foote,nymph,0
4091,2021-06-09,Jackson,nymph,0
3896,2021-06-09,Jackson,nymph,0
3899,2021-06-09,Jackson,nymph,0
3892,2021-06-09,Jackson,nymph,0
3893,2021-06-09,Jackson,nymph,0
4086,2021-06-09,Jackson,nymph,0
3897,2021-06-09,Jackson,nymph,0
3895,2021-06-09,Jackson,nymph,1
3885,2021-06-09,Jackson,nymph,0
3886,2021-06-09,Jackson,nymph,0
4085,2021-06-09,Jackson,nymph,1
3898,2021-06-09,Jackson,nymph,0
3891,2021-06-09,Jackson,female,1
3884,2021-06-09,Jackson,nymph,0
4094,2021-06-09,Jackson,nymph,1
4084,2021-06-09,Jackson,nymph,0
4095,2021-06-09,Jackson,nymph,1
3889,2021-06-09,Jackson,nymph,0
3887,2021-06-09,Jackson,nymph,0
4087,2021-06-09,Jackson,nymph,0
4082,2021-06-09,Jackson,nymph,1
3890,2021-06-09,Jackson,nymph,0
4098,2021-06-09,Jackson,nymph,0
4092,2021-06-09,Jackson,nymph,0
4097,2021-06-09,Jackson,nymph,0
3888,2021-06-09,Jackson,nymph,0
4083,2021-06-09,Jackson,nymph,0
3894,2021-06-09,Jackson,nymph,1
3883,2021-06-09,Jackson,nymph,1
3900,2021-06-09,Jackson,nymph,0
4093,2021-06-09,Jackson,nymph,1
4089,2021-06-09,Jackson,nymph,1
4081,2021-06-09,Jackson,nymph,0
4060,2021-06-14,Chipman,female,1
4059,2021-06-14,Chipman,male,0
4058,2021-06-14,Chipman,male,0
4057,2021-06-14,Chipman,male,0
4056,2021-06-14,Chipman,nymph,1
4020,2021-06-14,Chipman,female,0
4021,2021-06-14,Chipman,female,1
4022,2021-06-14,Chipman,nymph,0
4023,2021-06-14,Chipman,nymph,0
4080,2021-06-14,Chipman,nymph,1
4079,2021-06-14,Chipman,nymph,0
4078,2021-06-14,Chipman,nymph,1
4077,2021-06-14,Chipman,nymph,0
4076,2021-06-14,Chipman,nymph,1
4016,2021-06-17,Lourie,nymph,1
4015,2021-06-17,Lourie,nymph,0
4014,2021-06-17,Lourie,nymph,0
4013,2021-06-17,Lourie,nymph,0
4001,2021-06-17,Lourie,nymph,1
4002,2021-06-17,Lourie,nymph,0
4003,2021-06-17,Lourie,nymph,0
4004,2021-06-17,Lourie,nymph,0
4005,2021-06-17,Lourie,nymph,0
4040,2021-06-18,Frost,nymph,0
4011,2021-06-18,Frost,nymph,0
4055,2021-06-18,Gilmore,nymph,0
4052,2021-06-18,Gilmore,nymph,0
3831,2021-06-18,Gorge,nymph,0
3829,2021-06-18,Gorge,nymph,0
3828,2021-06-18,Gorge,nymph,0
3827,2021-06-18,Gorge,nymph,0
4037,2021-06-18,Gorge,nymph,0
4035,2021-06-18,Gorge,nymph,0
3834,2021-06-18,Gorge,nymph,0
3836,2021-06-18,Gorge,nymph,0
4047,2021-06-18,Gorge,nymph,0
4046,2021-06-18,Gorge,nymph,0
4045,2021-06-18,Gorge,nymph,1
4220,2021-06-22,Major,nymph,0
4219,2021-06-22,Major,nymph,0
4216,2021-06-22,Major,nymph,1
4008,2021-06-22,Major,nymph,1
4009,2021-06-22,Major,nymph,1
4010,2021-06-22,Major,nymph,0
4300,2021-06-22,Major,nymph,1
4299,2021-06-22,Major,nymph,1
4033,2021-06-22,Major,nymph,0
4032,2021-06-22,Major,nymph,1
4031,2021-06-22,Major,nymph,0
4030,2021-06-22,Major,nymph,1
4024,2021-06-22,Major,female,1
3837,2021-06-22,Major,nymph,0
3838,2021-06-22,Major,nymph,1
3839,2021-06-22,Major,nymph,1
3840,2021-06-22,Major,male,0
4240,2021-06-22,Major,nymph,1
4029,2021-06-23,Foote,nymph,0
4028,2021-06-23,Foote,nymph,0
4027,2021-06-23,Foote,nymph,0
4026,2021-06-23,Foote,nymph,0
4238,2021-06-23,Foote,nymph,0
4237,2021-06-23,Foote,nymph,1
4236,2021-06-23,Foote,nymph,1
4235,2021-06-23,Foote,male,1
3826,2021-06-23,Foote,nymph,0
3825,2021-06-23,Foote,nymph,0
3823,2021-06-23,Foote,nymph,0
3822,2021-06-23,Foote,nymph,0
3821,2021-06-23,Foote,male,1
4213,2021-06-23,Foote,nymph,1
4232,2021-06-23,Foote,nymph,1
4231,2021-06-23,Foote,nymph,0
4230,2021-06-23,Foote,nymph,1
4260,2021-06-23,Foote,nymph,1
4259,2021-06-23,Foote,nymph,1
4257,2021-06-23,Foote,female,0
4256,2021-06-23,Foote,nymph,0
4209,2021-06-24,Jackson,nymph,0
4229,2021-06-24,Jackson,nymph,0
4246,2021-06-24,Jackson,male,0
4245,2021-06-24,Jackson,nymph,0
4244,2021-06-24,Jackson,nymph,0
4242,2021-06-24,Jackson,nymph,0
4255,2021-06-24,Jackson,nymph,0
4254,2021-06-24,Jackson,nymph,0
4253,2021-06-24,Jackson,nymph,1
4252,2021-06-24,Jackson,nymph,1
4251,2021-06-24,Jackson,nymph,1
4208,2021-06-25,UpperChipman,nymph,0
4206,2021-06-25,UpperChipman,nymph,0
4205,2021-06-25,UpperChipman,nymph,1
4204,2021-06-25,UpperChipman,nymph,0
4250,2021-06-25,UpperChipman,nymph,0
4249,2021-06-25,UpperChipman,nymph,1
4248,2021-06-25,UpperChipman,nymph,0
4247,2021-06-25,UpperChipman,nymph,0
4340,2021-06-28,SPIN,nymph,0
4301,2021-06-28,SPIN,nymph,0
4302,2021-06-28,SPIN,nymph,0
4241,2021-06-28,SPIN,nymph,0
4280,2021-06-28,Crystal,nymph,0
4266,2021-06-28,Snowbowl,nymph,0
4303,2021-06-29,Chipman,nymph,0
4304,2021-06-29,Chipman,nymph,1
4305,2021-06-29,Chipman,male,1
4306,2021-06-29,Chipman,nymph,1
4265,2021-06-29,Chipman,nymph,0
4339,2021-06-29,Chipman,nymph,0
4338,2021-06-29,Chipman,male,0
4322,2021-06-29,Chipman,nymph,0
4323,2021-06-29,Chipman,nymph,0
4336,2021-06-29,Chipman,nymph,1
4335,2021-06-29,Chipman,nymph,0
4334,2021-06-29,Chipman,nymph,0
4333,2021-06-29,Chipman,nymph,0
4331,2021-06-29,Chipman,nymph,1
4330,2021-06-29,Chipman,nymph,0
4279,2021-06-29,Chipman,nymph,0
4278,2021-06-29,Chipman,nymph,0
4277,2021-06-29,Chipman,nymph,0
4276,2021-06-29,Chipman,nymph,0
4275,2021-06-29,Chipman,nymph,0
4274,2021-06-29,Chipman,nymph,0
4273,2021-06-29,Chipman,nymph,0
4272,2021-06-29,Chipman,nymph,0
4228,2021-06-30,Lourie,male,1
4226,2021-06-30,Lourie,nymph,1
4309,2021-06-30,Lourie,nymph,1
4310,2021-06-30,Lourie,nymph,1
4311,2021-06-30,Lourie,nymph,0
4271,2021-06-30,Lourie,nymph,1
4270,2021-06-30,Lourie,nymph,0
4269,2021-06-30,Lourie,nymph,0
4268,2021-06-30,Lourie,nymph,0
4267,2021-06-30,Lourie,nymph,0
4364,2021-07-01,BRF,nymph,0
4365,2021-07-01,BRF,nymph,0
4224,2021-07-06,Jackson,nymph,0
4221,2021-07-06,Jackson,nymph,1
4360,2021-07-06,Jackson,nymph,1
4370,2021-07-06,Jackson,nymph,1
4420,2021-07-07,Frost,nymph,0
4419,2021-07-07,Frost,nymph,0
4418,2021-07-07,Gilmore,nymph,0
4417,2021-07-07,Gilmore,nymph,1
4440,2021-07-07,Gilmore,nymph,1
4044,2021-07-07,Gorge,nymph,0
4043,2021-07-07,Gorge,nymph,0
4416,2021-07-07,Gorge,nymph,0
4415,2021-07-07,Gorge,nymph,0
4414,2021-07-07,Gorge,nymph,0
4412,2021-07-07,Gorge,nymph,0
4411,2021-07-07,Gorge,nymph,0
4410,2021-07-07,Gorge,nymph,0
4357,2021-07-09,Foote,nymph,1
4355,2021-07-09,Foote,nymph,0
4438,2021-07-12,Foote,nymph,0
4436,2021-07-12,Foote,nymph,0
4435,2021-07-12,Foote,nymph,0
4434,2021-07-12,Foote,nymph,1
4408,2021-07-12,Foote,nymph,0
4407,2021-07-12,Foote,nymph,0
4405,2021-07-12,Foote,nymph,0
4404,2021-07-12,Foote,nymph,1
4433,2021-07-12,Foote,nymph,0
4432,2021-07-12,Foote,nymph,0
4403,2021-07-12,Foote,nymph,1
4431,2021-07-14,UpperChipman,nymph,0
4430,2021-07-14,UpperChipman,nymph,0
4500,2021-07-14,UpperChipman,nymph,0
4499,2021-07-14,Chipman,nymph,1
4402,2021-07-14,Lourie,nymph,0
4380,2021-07-14,Lourie,nymph,0
4262,2021-07-14,Lourie,nymph,0
4354,2021-07-14,Lourie,nymph,1
4379,2021-07-14,Lourie,nymph,0
4377,2021-07-15,SPIN,nymph,0
4351,2021-07-15,Crystal,nymph,0
4580,2021-07-19,Jackson,nymph,0
4496,2021-07-19,Jackson,nymph,1
4483,2021-07-20,Major,nymph,0
4486,2021-07-20,Major,nymph,1
4487,2021-07-20,Major,nymph,1
4488,2021-07-20,Major,nymph,1
4573,2021-07-20,Major,nymph,0
4572,2021-07-20,Major,nymph,0
4570,2021-07-20,Major,nymph,1
4569,2021-07-20,Major,nymph,1
4566,2021-07-20,Major,nymph,1
4563,2021-07-20,Major,nymph,0
4562,2021-07-20,Major,nymph,0
4540,2021-07-22,Gorge,nymph,0
4538,2021-07-22,Gorge,nymph,0
4537,2021-07-22,Gorge,nymph,1
4536,2021-07-22,Gorge,nymph,0
4534,2021-07-22,Gorge,nymph,0
4581,2021-07-22,Gorge,nymph,0
4585,2021-07-23,Foote,nymph,0
4586,2021-07-23,Foote,nymph,0
4587,2021-07-23,Foote,nymph,0
4588,2021-07-23,Foote,nymph,0
4590,2021-07-23,Foote,nymph,1
4532,2021-07-23,Foote,nymph,1
4528,2021-07-23,Foote,nymph,0
4526,2021-07-23,Foote,nymph,0
4524,2021-07-23,Foote,nymph,1
4523,2021-07-23,Foote,nymph,0
4522,2021-07-23,Foote,nymph,0
4514,2021-07-23,Foote,nymph,0
4510,2021-07-23,Foote,nymph,1
4509,2021-07-26,UpperChipman,nymph,1
4680,2021-07-26,Lourie,nymph,0
4678,2021-07-26,Lourie,nymph,1
4371,2021-07-27,Chipman,nymph,0
4372,2021-07-27,Chipman,nymph,0
4655,2021-07-27,Chipman,nymph,0
4652,2021-07-27,Chipman,nymph,0
4374,2021-08-03,Major,nymph,0
4505,2021-08-03,Major,nymph,0
4700,2021-07-26,Lourie,nymph,1
4697,2021-08-03,Jackson,nymph,0
4695,2021-08-03,Jackson,nymph,0
4649,2021-08-03,Jackson,nymph,0
4648,2021-08-03,Jackson,nymph,0
4646,2021-08-05,Foote,nymph,1
4645,2021-08-05,Foote,nymph,0
4642,2021-08-05,Foote,nymph,0
4689,2021-08-05,Foote,nymph,0
4686,2021-08-05,Foote,nymph,0
4668,2021-08-05,Foote,nymph,1
4666,2021-08-05,Foote,nymph,0
4675,2021-08-05,Foote,nymph,0
4673,2021-08-05,Foote,nymph,1
4760,2022-06-06,Foote,male,0
4758,2022-06-06,Foote,nymph,0
4757,2022-06-06,Foote,nymph,0
4756,2022-06-06,Foote,male,1
4755,2022-06-06,Foote,female,0
4754,2022-06-06,Foote,male,0
4753,2022-06-08,Jackson,nymph,0
4752,2022-06-08,Jackson,nymph,0
4751,2022-06-08,Jackson,nymph,0
4750,2022-06-08,Jackson,nymph,0
4680,2022-06-13,Lourie,nymph,1
4679,2022-06-13,Lourie,nymph,0
4502,2022-06-13,Lourie,female,0
4701,2022-06-06,Foote,nymph,0
4702,2022-06-06,Foote,nymph,0
4660,2022-06-14,Chipman,nymph,0
4658,2022-06-14,Chipman,nymph,0
4749,2022-06-13,Major,nymph,0
4748,2022-06-13,Major,female,0
4747,2022-06-13,Major,nymph,1
4742,2022-06-13,Major,female,0
4741,2022-06-13,Major,nymph,0
4743,2022-06-13,Major,nymph,0
4744,2022-06-13,Major,nymph,0
4745,2022-06-13,Major,nymph,0
4746,2022-06-13,Major,nymph,0
4780,2022-06-13,Major,nymph,1
4618,2022-06-06,Foote,female,0
4705,2022-06-07,Gorge,female,0
4704,2022-06-07,Gorge,male,1
4640,2022-06-14,Chipman,male,0
4638,2022-06-14,Chipman,nymph,0
4637,2022-06-14,Chipman,nymph,1
4636,2022-06-14,Chipman,nymph,0
4617,2022-06-06,Foote,nymph,0
4616,2022-06-06,Foote,female,0
4615,2022-06-06,Foote,nymph,0
4614,2022-06-06,Foote,nymph,0
4706,2022-06-07,SPIN,NA,0
4613,2022-06-07,Gorge,male,0
4657,2022-06-14,UpperChipman,nymph,0
4656,2022-06-14,UpperChipman,nymph,0
4611,2022-06-07,Gorge,nymph,0
4698,2022-06-13,Lourie,nymph,0
4696,2022-06-13,Lourie,nymph,0
4695,2022-06-13,Lourie,male,0
4687,2022-06-14,Chipman,nymph,0
4686,2022-06-14,Chipman,female,1
4685,2022-06-14,Chipman,female,0
4684,2022-06-14,Chipman,male,1
4683,2022-06-14,Chipman,nymph,0
4682,2022-06-14,Chipman,male,0
4681,2022-06-14,Chipman,male,0
4635,2022-06-14,Chipman,nymph,0
4634,2022-06-14,Chipman,nymph,0
4633,2022-06-14,Chipman,male,0
4350,2022-06-06,Foote,nymph,1
4694,2022-06-13,Major,nymph,0
4692,2022-06-13,Major,nymph,0
4691,2022-06-13,Major,nymph,1
4690,2022-06-13,Major,female,0
4689,2022-06-13,Major,male,1
4688,2022-06-13,Major,nymph,0
4349,2022-06-06,Foote,nymph,1
4348,2022-06-06,Foote,nymph,1
4347,2022-06-06,Foote,female,1
4346,2022-06-07,Gorge,nymph,0
4740,2022-06-21,Jackson,nymph,0
4739,2022-06-21,Jackson,nymph,0
4737,2022-06-21,Jackson,nymph,0
4736,2022-06-21,Jackson,nymph,0
4735,2022-06-21,Jackson,nymph,0
4678,2022-06-16,Frost,nymph,0
4677,2022-06-16,Gorge,male,0
4676,2022-06-21,Foote,male,1
4655,2022-06-21,Foote,nymph,0
4675,2022-06-21,Foote,nymph,1
4720,2022-06-16,Gorge,male,0
4623,2022-06-21,Foote,male,1
4624,2022-06-21,Foote,nymph,0
4625,2022-06-21,Foote,male,1
4626,2022-06-21,Foote,nymph,0
4627,2022-06-21,Foote,nymph,1
4628,2022-06-21,Foote,nymph,1
4632,2022-06-21,Foote,nymph,0
4650,2022-06-21,Jackson,nymph,1
4717,2022-06-21,Foote,female,0
4716,2022-06-21,Foote,nymph,0
4715,2022-06-21,Foote,nymph,0
4714,2022-06-21,Foote,nymph,0
4777,2022-06-21,Foote,nymph,0
4774,2022-06-21,Jackson,nymph,1
4341,2022-06-08,Jackson,female,0
4342,2022-06-08,Jackson,nymph,0
4504,2022-06-08,Jackson,male,1
4503,2022-06-08,Jackson,female,0
4734,2022-06-29,Gorge,male,1
4733,2022-06-29,Chipman,nymph,1
4732,2022-06-29,Chipman,nymph,1
4731,2022-06-29,Chipman,nymph,0
4797,2022-06-28,Major,nymph,1
4796,2022-06-28,Major,nymph,0
4795,2022-06-28,Major,nymph,1
4794,2022-06-28,Major,nymph,1
4793,2022-06-28,Major,nymph,1
4792,2022-06-28,Major,nymph,1
4789,2022-06-29,Chipman,nymph,1
4788,2022-06-29,Chipman,nymph,0
4791,2022-06-29,Gorge,male,0
4075,2022-07-05,UpperChipman,nymph,0
4074,2022-07-05,Foote,nymph,0
4073,2022-07-05,Foote,nymph,0
4072,2022-07-05,Foote,female,0
4071,2022-07-05,Foote,nymph,1
4980,2022-07-11,Chipman,nymph,0
4979,2022-07-11,Chipman,nymph,0
4730,2022-07-05,UpperChipman,nymph,0
4729,2022-07-05,Foote,nymph,1
4728,2022-07-05,Foote,female,1
4960,2022-07-06,Jackson,nymph,0
4959,2022-07-06,Jackson,nymph,0
4958,2022-07-06,Jackson,nymph,0
4787,2022-07-05,UpperChipman,nymph,0
4786,2022-07-05,Foote,nymph,0
4785,2022-07-05,Foote,nymph,0
4641,2022-06-28,Major,nymph,1
4642,2022-06-28,Major,nymph,1
4643,2022-06-28,Major,nymph,0
4644,2022-06-28,Major,nymph,1
4670,2022-06-30,BRF,female,1
4669,2022-06-30,BRF,nymph,1
4668,2022-07-05,Foote,nymph,0
4667,2022-07-05,Foote,female,0
4654,2022-06-29,SPIN,nymph,1
4674,2022-06-29,Gorge,male,0
4672,2022-06-29,Chipman,nymph,0
4065,2022-06-29,Chipman,nymph,0
4063,2022-06-29,Chipman,nymph,0
4062,2022-06-29,Chipman,nymph,0
4061,2022-06-29,Chipman,female,0
4710,2022-06-29,Chipman,nymph,0
4708,2022-06-29,Chipman,nymph,0
4709,2022-06-29,Chipman,nymph,1
4711,2022-06-29,Chipman,nymph,0
4707,2022-06-29,Chipman,nymph,0
4631,2022-06-23,UpperChipman,male,1
4671,2022-06-28,Lourie,nymph,1
4651,2022-06-28,Major,nymph,0
4653,2022-06-28,Major,nymph,0
4649,2022-06-23,UpperChipman,nymph,0
4648,2022-06-23,UpperChipman,nymph,0
4647,2022-06-28,Lourie,nymph,0
4646,2022-06-28,Lourie,nymph,1
4645,2022-06-28,Lourie,nymph,1
4800,2022-06-28,Lourie,nymph,0
4799,2022-06-28,Lourie,nymph,1
4798,2022-06-28,Lourie,nymph,0
4946,2022-07-19,Jackson,nymph,0
4947,2022-07-19,Jackson,nymph,0
4948,2022-07-19,Jackson,nymph,0
4949,2022-07-19,Jackson,nymph,0
4605,2022-07-18,Foote,nymph,1
4604,2022-07-18,Foote,nymph,0
4603,2022-07-18,Foote,nymph,0
4602,2022-07-19,Jackson,nymph,0
4978,2022-07-18,UpperChipman,nymph,0
4942,2022-07-11,Chipman,nymph,1
4943,2022-07-11,Chipman,nymph,0
4944,2022-07-11,Chipman,nymph,0
4945,2022-07-11,Chipman,nymph,0
4612,2022-07-11,Chipman,nymph,0
4611,2022-07-11,Chipman,nymph,1
4610,2022-07-11,Chipman,nymph,0
4609,2022-07-11,Chipman,nymph,0
4608,2022-07-11,Chipman,nymph,0
4607,2022-07-13,Lourie,nymph,0
4606,2022-07-13,Lourie,nymph,0
4773,2022-07-11,Chipman,nymph,0
4772,2022-07-11,Chipman,male,1
4771,2022-07-11,Chipman,nymph,0
4770,2022-07-11,Chipman,male,0
4769,2022-07-11,Chipman,nymph,1
4840,2022-08-02,Jackson,nymph,0
4970,2022-08-02,Jackson,nymph,0
4969,2022-08-02,Foote,nymph,0
4968,2022-08-02,Foote,nymph,1
4957,2022-07-26,Chipman,nymph,0
4955,2022-07-26,Chipman,nymph,0
4954,2022-08-02,Foote,nymph,1
4601,2022-07-26,Chipman,nymph,0
4820,2022-07-26,Chipman,nymph,0
4819,2022-07-26,Chipman,nymph,0
4818,2022-07-26,Chipman,nymph,0
4977,2022-07-26,Frost,nymph,1
4976,2022-07-26,Frost,nymph,0
4975,2022-07-26,Major,nymph,1
4974,2022-07-26,Major,nymph,0
4973,2022-07-26,Major,nymph,0
4972,2022-07-26,Major,nymph,1
4971,2022-07-26,Major,nymph,0
4761,2022-07-26,Gorge,nymph,1
4762,2022-07-26,Major,nymph,1
4763,2022-07-26,Major,nymph,0
4821,2023-06-06,Frost,nymph,0
4989,2023-06-06,SPIN,nymph,0
4638,2023-06-08,Chipman,male,0
4637,2023-06-08,Chipman,female,0
4631,2023-06-05,Foote,female,1
4630,2023-06-05,Foote,female,1
4629,2023-06-05,Foote,nymph,0
4628,2023-06-05,Foote,male,0
4627,2023-06-05,Foote,female,1
4997,2023-06-05,Foote,male,0
4988,2023-06-06,Gilmore,male,0
4987,2023-06-06,Gilmore,nymph,1
4992,2023-06-05,UpperChipman,nymph,1
4996,2023-06-05,Foote,nymph,1
4995,2023-06-05,Foote,female,0
4829,2023-06-05,Foote,nymph,1
4828,2023-06-05,Foote,nymph,0
4827,2023-06-05,Foote,nymph,1
4826,2023-06-05,Foote,female,0
4825,2023-06-05,Foote,nymph,1
4824,2023-06-05,Foote,nymph,0
4823,2023-06-05,Foote,nymph,0
4852,2023-06-08,Chipman,nymph,0
4851,2023-06-08,Chipman,nymph,1
4850,2023-06-08,Chipman,male,0
4849,2023-06-08,Chipman,female,1
4822,2023-06-05,UpperChipman,nymph,0
4860,2023-06-05,UpperChipman,nymph,1
4810,2023-06-06,Gorge,nymph,0
4809,2023-06-06,Gorge,nymph,1
4808,2023-06-06,Gorge,nymph,0
4639,2023-06-06,Gorge,nymph,0
4807,2023-06-06,SPIN,male,0
4859,2023-06-08,Chipman,nymph,1
4858,2023-06-08,Chipman,female,0
4857,2023-06-08,Chipman,nymph,0
4994,2023-06-05,Foote,nymph,0
4993,2023-06-05,Foote,nymph,0
4626,2023-06-05,Foote,nymph,0
4625,2023-06-05,Foote,nymph,1
4991,2023-06-06,Gorge,female,0
4990,2023-06-06,Gorge,nymph,0
4624,2023-06-06,Gorge,male,0
4839,2023-06-06,Gorge,nymph,0
4623,2023-06-06,Gorge,nymph,0
4622,2023-06-06,SPIN,nymph,1
4621,2023-06-06,SPIN,nymph,0
4633,2023-06-12,Jackson,nymph,0
4634,2023-06-12,Jackson,nymph,0
4635,2023-06-12,Jackson,nymph,0
4636,2023-06-12,Jackson,female,0
4841,2023-06-14,BRF,nymph,0
4855,2023-06-14,BRF,nymph,1
4880,2023-06-13,Lourie,male,1
4844,2023-06-13,Lourie,nymph,1
4843,2023-06-13,Lourie,nymph,0
4842,2023-06-13,Lourie,nymph,0
4834,2023-06-14,BRF,nymph,0
5020,2023-06-12,Jackson,female,0
5019,2023-06-12,Jackson,nymph,0
5017,2023-06-12,Jackson,nymph,0
5016,2023-06-12,Jackson,nymph,0
5015,2023-06-12,Jackson,nymph,1
5014,2023-06-12,Jackson,nymph,0
5013,2023-06-12,Jackson,nymph,1
5012,2023-06-12,Jackson,nymph,0
4985,2023-06-12,Jackson,nymph,0
4986,2023-06-12,Jackson,nymph,0
4984,2023-06-12,Jackson,female,0
4983,2023-06-12,Jackson,male,1
5004,2023-06-14,Major,nymph,0
5005,2023-06-14,Major,nymph,0
5006,2023-06-14,Major,nymph,1
4833,2023-06-14,Major,nymph,0
4832,2023-06-14,Major,nymph,1
4831,2023-06-14,Major,female,0
4830,2023-06-14,Major,nymph,1
5010,2023-06-13,Lourie,nymph,1
5009,2023-06-13,Lourie,nymph,0
5008,2023-06-13,Lourie,nymph,0
5007,2023-06-13,Lourie,nymph,0
4806,2023-06-12,Crystal,nymph,0
4805,2023-06-12,Crystal,female,1
4804,2023-06-12,Crystal,nymph,0
4803,2023-06-12,Crystal,nymph,1
4802,2023-06-12,Jackson,nymph,0
4801,2023-06-12,Jackson,nymph,0
4837,2023-06-12,Jackson,female,0
4836,2023-06-12,Jackson,nymph,1
4835,2023-06-13,Lourie,male,0
4900,2023-06-19,Gorge,female,0
4899,2023-06-20,Foote,nymph,0
4879,2023-06-20,Foote,nymph,0
4878,2023-06-20,Foote,nymph,0
4877,2023-06-20,Foote,female,1
4876,2023-06-20,Foote,female,1
4875,2023-06-20,Foote,nymph,1
4873,2023-06-20,Foote,nymph,0
4872,2023-06-20,Foote,female,0
4871,2023-06-20,Foote,nymph,1
5059,2023-06-20,Foote,nymph,0
4856,2023-06-14,Major,nymph,0
5001,2023-06-14,Major,nymph,0
5002,2023-06-14,Major,nymph,0
5003,2023-06-14,Major,nymph,0
4898,2023-06-20,Chipman,nymph,0
4897,2023-06-20,Chipman,nymph,0
4896,2023-06-20,Chipman,nymph,1
4895,2023-06-20,Chipman,nymph,0
4894,2023-06-20,Chipman,nymph,0
4893,2023-06-20,Chipman,nymph,0
5100,2023-06-27,Lourie,nymph,0
5099,2023-06-27,Lourie,nymph,0
5098,2023-06-27,Lourie,nymph,0
5097,2023-06-27,Lourie,nymph,0
5110,2023-06-27,Lourie,nymph,0
5029,2023-06-20,Foote,nymph,1
5028,2023-06-20,Foote,nymph,1
5027,2023-06-20,Foote,nymph,1
5026,2023-06-20,Foote,nymph,1
5025,2023-06-20,Foote,nymph,0
5024,2023-06-20,Foote,male,1
5023,2023-06-20,Foote,nymph,0
5022,2023-06-20,Foote,female,0
5109,2023-06-27,Major,nymph,0
5108,2023-06-27,Major,nymph,0
5107,2023-06-27,Major,nymph,0
5106,2023-06-27,Major,nymph,0
4886,2023-06-26,Crystal,nymph,0
5021,2023-06-20,Chipman,nymph,0
5055,2023-06-20,Chipman,nymph,0
4890,2023-06-26,Gilmore,nymph,0
4885,2023-06-27,Lourie,nymph,0
5111,2023-06-26,Gilmore,nymph,0
4882,2023-06-27,Major,nymph,1
4881,2023-06-27,Major,nymph,0
5088,2023-06-27,Major,nymph,0
5086,2023-06-27,Major,nymph,0
5085,2023-06-27,Major,nymph,0
5084,2023-06-27,Major,nymph,0
5083,2023-06-27,Major,nymph,1
5082,2023-06-27,Jackson,female,0
5068,2023-06-26,Gilmore,nymph,0
5067,2023-06-26,Crystal,nymph,0
5080,2023-06-27,Lourie,nymph,1
5079,2023-06-27,Lourie,nymph,0
5078,2023-06-27,Lourie,nymph,0
5077,2023-06-27,Lourie,nymph,1
5076,2023-06-27,Lourie,nymph,1
5040,2023-06-20,Foote,nymph,0
5039,2023-06-20,Foote,nymph,0
5038,2023-06-20,Foote,nymph,0
5037,2023-06-20,Foote,nymph,0
5036,2023-06-20,Foote,nymph,0
5035,2023-06-20,Foote,nymph,0
5034,2023-06-20,Foote,nymph,1
5033,2023-06-20,Foote,nymph,0
5032,2023-06-20,Foote,nymph,1
5031,2023-06-20,Foote,nymph,1
5030,2023-06-20,Foote,nymph,0
5049,2023-06-20,Foote,nymph,0
5048,2023-06-20,Foote,nymph,1
5047,2023-06-20,Foote,nymph,0
5046,2023-06-20,Foote,nymph,0
5045,2023-06-20,Foote,nymph,1
5044,2023-06-20,Foote,nymph,1
5043,2023-06-20,Foote,female,1
5042,2023-06-20,Foote,male,0
5056,2023-06-20,Foote,nymph,0
5057,2023-06-20,Foote,nymph,0
5058,2023-06-20,Foote,nymph,0
4868,2023-06-20,Foote,nymph,0
5041,2023-06-20,Foote,male,1
5075,2023-06-27,Major,nymph,0
5074,2023-06-27,Major,nymph,0
5073,2023-06-27,Jackson,nymph,1
4864,2023-06-20,Chipman,nymph,0
4863,2023-06-20,Chipman,nymph,0
4862,2023-06-20,Chipman,nymph,0
4861,2023-06-20,Chipman,nymph,0
4888,2023-06-20,Chipman,female,1
4887,2023-06-20,Chipman,nymph,0
5050,2023-06-20,UpperChipman,male,0
4892,2023-06-20,UpperChipman,nymph,0
4891,2023-06-20,UpperChipman,nymph,0
5180,2023-07-06,Gorge,nymph,0
5105,2023-06-29,BRF,nymph,0
5104,2023-06-29,BRF,nymph,1
5096,2023-07-05,Foote,nymph,0
5103,2023-07-05,Foote,nymph,1
5102,2023-07-05,Foote,nymph,0
5101,2023-07-05,Foote,nymph,1
5095,2023-07-05,Foote,nymph,1
5160,2023-07-05,Foote,nymph,0
5159,2023-07-05,Foote,nymph,1
5158,2023-07-05,Foote,female,1
5146,2023-07-05,Foote,nymph,0
5094,2023-07-05,Chipman,nymph,1
5093,2023-07-05,Chipman,nymph,0
5092,2023-07-05,Chipman,nymph,0
5091,2023-07-05,Chipman,nymph,0
5089,2023-07-05,Chipman,nymph,1
5090,2023-07-05,Chipman,nymph,1
5123,2023-07-05,Chipman,nymph,0
5122,2023-07-05,Chipman,nymph,0
5152,2023-07-05,Foote,female,1
5151,2023-07-05,Foote,nymph,0
5150,2023-07-05,Foote,nymph,0
5149,2023-07-05,Foote,nymph,0
5148,2023-07-05,Foote,nymph,0
5147,2023-07-05,Foote,female,0
5137,2023-07-05,UpperChipman,nymph,0
5135,2023-07-06,Frost,nymph,0
5134,2023-07-06,Frost,nymph,0
5129,2023-06-27,Jackson,nymph,1
5128,2023-06-27,Jackson,nymph,0
5127,2023-06-27,Jackson,nymph,0
5126,2023-06-27,Jackson,nymph,0
5125,2023-06-27,Jackson,nymph,0
5124,2023-06-27,Jackson,nymph,1
4866,2023-06-29,BRF,nymph,0
4867,2023-06-29,BRF,nymph,1
5188,2023-07-05,Foote,nymph,1
5187,2023-07-05,Foote,nymph,0
5186,2023-07-05,Foote,nymph,0
5185,2023-07-05,Foote,nymph,0
5184,2023-07-05,Foote,nymph,1
5183,2023-07-05,Foote,nymph,0
5182,2023-07-05,Foote,nymph,0
5153,2023-07-05,Foote,nymph,1
5154,2023-07-05,Foote,nymph,1
5155,2023-07-05,Foote,nymph,0
5156,2023-07-05,Foote,nymph,1
5157,2023-07-05,Foote,nymph,0
5172,2023-07-05,Chipman,nymph,0
5171,2023-07-05,Chipman,nymph,1
5170,2023-07-06,Frost,nymph,0
5169,2023-07-06,SPIN,male,0
5145,2023-07-06,SPIN,nymph,0
5168,2023-07-06,Gorge,nymph,0
5167,2023-07-06,Gorge,nymph,0
5144,2023-07-06,Gorge,nymph,0
5143,2023-07-06,Gorge,nymph,0
5142,2023-07-06,Gorge,nymph,0
5141,2023-07-06,Gorge,nymph,0
5140,2023-07-06,Gorge,nymph,0
5081,2023-07-11,Lourie,nymph,0
5120,2023-07-11,Major,nymph,0
5118,2023-07-11,Major,nymph,0
5117,2023-07-11,Major,nymph,0
5116,2023-07-11,Major,nymph,0
5366,2023-07-11,Jackson,female,1
5365,2023-07-11,Jackson,nymph,1
5364,2023-07-11,Jackson,nymph,0
5363,2023-07-11,Jackson,nymph,0
5362,2023-07-11,Jackson,nymph,1
5387,2023-07-12,Gilmore,nymph,0
5385,2023-07-17,Chipman,nymph,0
5220,2023-07-12,BRF,nymph,0
5219,2023-07-12,BRF,nymph,0
5216,2023-07-17,Foote,nymph,1
5400,2023-07-17,Foote,female,1
5399,2023-07-17,Foote,female,1
5398,2023-07-17,Foote,nymph,1
5396,2023-07-17,Chipman,nymph,0
5179,2023-07-11,Major,nymph,0
5178,2023-07-11,Major,nymph,1
5177,2023-07-11,Major,nymph,0
5176,2023-07-11,Major,nymph,0
5175,2023-07-11,Major,nymph,0
5174,2023-07-11,Major,nymph,0
5173,2023-07-11,Major,nymph,1
5200,2023-07-11,Major,nymph,0
5194,2023-07-11,Major,nymph,0
5373,2023-07-11,Jackson,nymph,0
5309,2023-07-17,UpperChipman,nymph,0
5196,2023-07-11,Jackson,nymph,0
5380,2023-07-11,Jackson,nymph,1
5165,2023-07-11,Major,nymph,0
5163,2023-07-11,Major,nymph,0
5161,2023-07-11,Major,nymph,1
5199,2023-07-11,Major,nymph,0
5198,2023-07-11,Major,nymph,0
5197,2023-07-11,Major,nymph,0
5195,2023-07-11,Major,nymph,0
5240,2023-07-26,Crystal,nymph,0
5339,2023-08-01,Chipman,nymph,0
5235,2023-08-01,Foote,nymph,0
5233,2023-08-01,Foote,nymph,1
4917,2023-08-01,Chipman,nymph,1
5224,2023-08-01,Chipman,nymph,1
5223,2023-08-01,Chipman,nymph,1
5222,2023-08-01,Chipman,nymph,0
5221,2023-08-01,Foote,nymph,0
5355,2023-08-01,Foote,nymph,0
5353,2023-08-01,Foote,nymph,0
5239,2023-08-01,UpperChipman,nymph,0
5238,2023-08-01,UpperChipman,nymph,0
5237,2023-08-01,UpperChipman,nymph,0
5294,2023-08-01,Chipman,nymph,1
5293,2023-08-01,Foote,nymph,0
5258,2024-06-17,BRF,nymph,0
5277,2024-06-11,Lourie,nymph,0
5272,2024-06-20,Chipman,nymph,1
5271,2024-06-20,Chipman,male,0
5269,2024-06-20,Chipman,nymph,0
5268,2024-06-20,Chipman,nymph,1
5265,2024-06-20,Chipman,nymph,0
5264,2024-06-20,Chipman,female,1
5263,2024-06-20,Chipman,nymph,0
5262,2024-06-20,Chipman,nymph,0
5261,2024-06-20,Chipman,nymph,1
5420,2024-06-11,Lourie,nymph,0
5406,2024-06-11,Lourie,nymph,1
5251,2024-06-20,UpperChipman,female,0
5279,2024-06-11,Lourie,male,0
5278,2024-06-11,Lourie,nymph,0
5273,2024-06-14,Frost,nymph,0
5408,2024-06-11,Lourie,nymph,0
5407,2024-06-11,Lourie,nymph,0
5256,2024-06-20,Chipman,nymph,0
5255,2024-06-20,Chipman,nymph,0
5254,2024-06-20,Chipman,nymph,0
5253,2024-06-20,Chipman,nymph,0
5252,2024-06-20,Chipman,nymph,0
5405,2024-06-11,UpperChipman,nymph,0
5249,2024-06-20,UpperChipman,nymph,0
5411,2024-06-11,UpperChipman,nymph,0
5429,2024-06-13,Chipman,female,0
5428,2024-06-13,Chipman,nymph,1
5427,2024-06-13,Chipman,nymph,0
5426,2024-06-13,Chipman,nymph,0
5425,2024-06-13,Chipman,nymph,0
5404,2024-06-13,Chipman,nymph,0
5403,2024-06-13,Chipman,nymph,1
5402,2024-06-13,Chipman,nymph,0
5401,2024-06-13,Chipman,nymph,0
5424,2024-06-13,Chipman,nymph,0
5260,2024-06-11,Gorge,nymph,0
5259,2024-06-11,Gorge,female,0
5276,2024-06-11,Gorge,male,0
5275,2024-06-11,Gorge,male,0
5274,2024-06-13,Chipman,nymph,1
5242,2024-06-11,Major,nymph,1
5382,2024-06-10,Foote,nymph,1
5381,2024-06-10,Foote,nymph,0
5352,2024-06-10,Foote,nymph,1
5334,2024-06-10,Foote,female,1
5410,2024-06-11,Major,nymph,1
5337,2024-06-10,Jackson,male,1
5336,2024-06-10,Jackson,male,1
5335,2024-06-10,Jackson,female,0
5423,2024-06-24,Foote,nymph,0
5419,2024-06-24,Foote,nymph,0
5418,2024-06-24,Foote,nymph,0
5417,2024-06-24,Foote,nymph,1
5447,2024-07-01,UpperChipman,nymph,0
5442,2024-07-01,Chipman,nymph,0
5443,2024-07-01,Chipman,nymph,0
5430,2024-07-08,Gorge,nymph,0
5341,2024-07-09,Lourie,nymph,0
5431,2024-07-09,Major,nymph,0
5432,2024-07-09,Major,nymph,0
5351,2024-07-01,Chipman,nymph,1
5350,2024-07-01,Chipman,nymph,0
5349,2024-07-01,Chipman,nymph,0
5348,2024-07-01,Chipman,nymph,1
5347,2024-07-01,Chipman,nymph,0
5346,2024-07-01,Chipman,nymph,0
5345,2024-07-01,Chipman,nymph,0
5332,2024-07-08,Gorge,female,1
5330,2024-07-08,Gorge,nymph,0
5440,2024-06-24,Gorge,female,1
5439,2024-06-24,Gorge,nymph,1
5438,2024-06-24,Gorge,female,0
5460,2024-06-24,Foote,female,1
5459,2024-06-24,Foote,nymph,0
5458,2024-06-24,SPIN,nymph,0
5445,2024-07-01,Jackson,nymph,0
5329,2024-07-09,Major,nymph,1
5470,2024-07-10,Foote,nymph,0
5469,2024-07-10,Foote,nymph,0
5468,2024-07-10,Foote,nymph,0
5467,2024-07-10,Foote,nymph,0
5333,2024-07-03,Frost,nymph,0
5457,2024-06-25,Major,nymph,0
5480,2024-07-15,Chipman,nymph,1
5479,2024-07-15,Chipman,nymph,0
5477,2024-07-17,Jackson,nymph,0
5422,2024-07-10,Foote,nymph,0
5421,2024-07-10,Foote,nymph,1
5433,2024-07-10,Foote,nymph,0
5328,2024-07-10,Foote,nymph,0
5327,2024-07-10,Foote,nymph,0
5326,2024-07-22,Gorge,nymph,0
5325,2024-07-22,Gorge,nymph,0
5500,2024-07-15,Chipman,nymph,0
5539,2024-08-08,Foote,nymph,0
5538,2024-08-08,Foote,nymph,1
5537,2024-08-13,BRF,nymph,0
5487,2024-08-08,Crystal,nymph,1
5510,2024-08-06,Lourie,nymph,0
5540,2024-08-07,Gorge,nymph,0
5548,2024-08-07,Gorge,nymph,1
5527,2024-08-02,Frost,nymph,0
5526,2024-08-06,Major,nymph,1
5525,2024-08-06,Major,nymph,0
5524,2024-08-06,Major,nymph,0
5523,2024-08-06,Major,nymph,1
5473,2024-07-24,Foote,nymph,0
5476,2024-07-24,Foote,nymph,0
5475,2024-07-24,Foote,nymph,0
5474,2024-07-24,Foote,nymph,1
5472,2024-07-24,Foote,nymph,0
5518,2024-07-24,Foote,nymph,1
5517,2024-07-24,Foote,nymph,0
5516,2024-07-24,Foote,nymph,1
5515,2024-07-29,Chipman,nymph,0
5514,2024-07-29,Chipman,nymph,0
5437,2024-07-29,Chipman,nymph,0
5436,2024-07-29,Chipman,nymph,1
5513,2024-07-29,Chipman,nymph,0
5512,2024-07-29,UpperChipman,nymph,0
5531,2024-07-30,Jackson,nymph,0
5530,2024-07-30,Jackson,nymph,0
5529,2024-07-30,Jackson,nymph,0
5489,2024-07-24,Foote,nymph,1
5488,2024-07-29,Chipman,nymph,0
5519,2024-07-23,Major,nymph,1
5546,2024-08-12,Chipman,nymph,1
5471,2024-08-08,Foote,nymph,0
5248,2024-08-08,Foote,nymph,1
5247,2024-08-08,Foote,nymph,0
5246,2024-08-08,Foote,nymph,0
5245,2024-08-08,Foote,nymph,0
5244,2024-08-08,Foote,nymph,0
5553,2024-08-08,Foote,nymph,0
5521,2024-08-12,Chipman,nymph,0
5522,2024-08-12,Chipman,nymph,0
5549,2024-08-12,Chipman,nymph,0
5550,2024-08-12,Chipman,nymph,1
5552,2024-08-12,Chipman,nymph,0
5551,2024-08-12,Chipman,nymph,0
